Filename,Position_mm,Segment_Count,Teacher_Width,Student_Width,BaselineA_Width,BaselineB_Width,Teacher_Pos_Pred,Student_Pos_Pred,BaselineA_Pos_Pred,BaselineB_Pos_Pred,Teacher_Error_mm,Student_Error_mm,BaselineA_Error_mm,BaselineB_Error_mm,Student_vs_Teacher_WidthErr,BaselineA_vs_Teacher_WidthErr,BaselineB_vs_Teacher_WidthErr,BaselineA_Latency_ms,BaselineB_Latency_ms
-449.csv,180.0,8,28.93550486328443,28.782599210739136,28.73414712766227,29.250233573144413,180.09177704132807,180.56412635202804,180.71486926587815,179.13533725877383,0.09177704132807207,0.5641263520280404,0.7148692658781499,-0.8646627412261694,-0.15290565254529298,-0.2013577356221603,0.3147287098599847,13.744500000029802,8.923699999968449
-429.csv,182.0,9,28.307786549047435,28.265233781602646,28.255382233891172,26.634491588848967,182.06398942630182,182.20091072546788,182.23266969859625,187.7838966025062,0.06398942630181637,0.20091072546787814,0.2326696985962542,5.783896602506189,-0.0425527674447892,-0.05240431515626298,-1.6732949601984686,3.982700000051409,11.403999999856751
-416.csv,183.3,9,27.945305381184504,27.88791953192817,27.885787495208184,26.916229871731645,183.2439277336383,183.43359073061472,183.4406525209007,186.7701109872144,-0.05607226636172413,0.1335907306147135,0.14065252090068725,3.470110987214383,-0.05738584925633461,-0.05951788597631946,-1.0290755094528592,6.243799999992916,12.021400000094218
-409.csv,184.0,9,27.71755560904927,27.69984202914768,27.658336486474155,27.028518814664103,184.00136077636768,184.0608026203833,184.20038721335624,186.37205711851595,0.0013607763676759532,0.0608026203832992,0.20038721335623677,2.3720571185159542,-0.01771357990159217,-0.05921912257511508,-0.6890367943851672,6.930500000180473,12.533499999790365
-405.csv,184.4,9,27.597015464111056,27.558087454901802,27.52011142900495,27.105399661265388,184.40739411648323,184.53929352693507,184.6683333752882,186.10145839867366,0.0073941164832262984,0.13929352693506303,0.26833337528819357,1.7014583986736511,-0.0389280092092541,-0.07690403510610722,-0.4916158028456685,4.0328000000044995,9.644299999990835
-404.csv,184.5,8,27.57378122989008,27.55485987663269,27.500566531821363,27.086640152340834,184.48607284583346,184.55024653114938,184.73488695934768,186.1673422691072,-0.013927154166538003,0.0502465311493836,0.23488695934767634,1.6673422691071949,-0.018921353257390194,-0.07321469806871761,-0.4871410775492464,3.19790000003195,7.166399999960049
-403.csv,184.6,9,27.556908948896755,27.533477147420246,27.484856219130176,27.09446207788505,184.54329256371136,184.62287628709146,184.78845300821598,186.1398601766,-0.05670743628863306,0.02287628709146361,0.18845300821598698,1.5398601766000013,-0.023431801476508696,-0.07205272976657895,-0.46244687101170356,2.5504000000182714,5.999499999916225
-398.csv,185.1,9,27.409392835001395,27.37623045179579,27.31583801877962,27.681354440820403,185.04662507843352,185.1605370929992,185.36870704532868,184.12292440382222,-0.05337492156647272,0.06053709299919774,0.26870704532868217,-0.9770755961777695,-0.03316238320560316,-0.09355481622177564,0.2719616058190084,5.189699999846198,9.776999999985492
-396.csv,185.3,8,27.35567683796738,27.30272889137268,27.258193962774378,27.382219950023718,185.23127941732366,185.4140174569911,185.56827949316124,185.1399425208285,-0.06872058267634884,0.11401745699109256,0.2682794931612307,-0.16005747917151325,-0.05294794659469915,-0.09748287519300192,0.026543112056337748,3.545799999983501,5.619799999976749
-394.csv,185.5,8,27.30782142250124,27.26891589164734,27.219533226516077,27.376462162372203,185.39641036236827,185.5310935194646,185.70261098638053,185.15974019787208,-0.10358963763172824,0.031093519464604924,0.20261098638053454,-0.3402598021279175,-0.0389055308539028,-0.08828819598516446,0.0686407398709612,2.1521999999549735,6.432199999835575
-388.csv,186.1,8,27.115683185826818,27.076032400131226,27.046509769789886,27.327879707708043,186.06538178851605,186.2046381087716,186.3085936741765,185.32712512819774,-0.03461821148394506,0.10463810877160995,0.20859367417651242,-0.7728748718022587,-0.039650785695592106,-0.06917341603693217,0.21219652188122495,4.455799999959709,7.309800000030009
-372.csv,187.7,9,26.682322310381583,26.644486321343315,26.62378702134812,25.513775485026702,187.61024941369877,187.74755871245694,187.8228460630339,192.04256905032338,-0.08975058630122135,0.047558712456947205,0.12284606303390433,4.342569050323391,-0.03783598903826757,-0.05853528903346117,-1.1685468253548805,2.629100000149265,5.987899999809088
-370.csv,187.9,9,26.632770831623283,26.585422939724392,26.563598648222133,25.550593199626846,187.7901555697701,187.96269940631922,188.04244182510178,191.89661331037124,-0.10984443022991286,0.06269940631921145,0.14244182510176984,3.996613310371231,-0.04734789189889099,-0.06917218340115028,-1.0821776319964371,2.4700000001303124,8.935699999938151
-369.csv,188.0,9,26.60838012456456,26.553301281399197,26.53747549442005,25.571891737230448,187.87896137544718,188.08011309506526,188.1380672607895,191.81237554100295,-0.1210386245528241,0.08011309506525777,0.13806726078951215,3.8123755410029503,-0.05507884316536504,-0.07090463014451132,-1.0364883873341135,3.4204000000954693,10.12259999993148
-366.csv,188.3,8,26.537804732973697,26.486344575881958,26.46511108865425,25.58807504520974,188.13686086925372,188.32579129990577,188.40396589544648,191.7484645696616,-0.16313913074628772,0.025791299905762344,0.10396589544646417,3.4484645696615814,-0.051460157091739234,-0.0726936443194468,-0.9497296877639556,3.5341000000244094,6.027700000004188
-365.csv,188.4,8,26.504604776281795,26.456418991088867,26.433218895415905,25.61562607588897,188.2586653956824,188.43600416497256,188.52162268137542,191.63984964699918,-0.14133460431759204,0.0360041649725531,0.12162268137541332,3.2398496469991755,-0.04818578519292771,-0.07138588086588982,-0.8889787003928262,3.2985999998800253,8.666200000106983
-358.csv,189.1,9,26.297991099819416,26.351011276245117,26.264615963626113,25.702420942595413,189.02373549456757,188.8262411658544,189.14847084814295,191.2992282755686,-0.07626450543241958,-0.2737588341455819,0.04847084814295499,2.1992282755686006,0.05302017642570078,-0.033375136193303234,-0.5955701572240031,3.501400000004651,10.091500000044107
-353.csv,189.6,8,26.16240642271091,26.132705450057983,26.096766582795397,25.794922418646017,189.53248319430924,189.64464691406982,189.78071546647973,190.93878333762777,-0.06751680569075802,0.04464691406982979,0.18071546647973946,1.338783337627774,-0.029700972652925373,-0.06563983991551225,-0.3674840040648917,3.5004000001208624,8.669900000086272
-349.csv,190.0,8,26.05427699815797,26.017027616500854,25.970002934774048,25.838426589728428,189.94207921287148,190.08398392416365,190.26372089074167,190.7701726457616,-0.05792078712852344,0.08398392416364686,0.2637208907416664,0.7701726457615905,-0.03724938165711578,-0.08427406338392274,-0.21585040842954228,3.4435000000030414,8.392899999989822
-342.csv,190.7,9,25.856420061407,25.851531770494248,25.78170671915705,25.97530952558064,190.70060373746884,190.7194937755302,190.9901187517601,190.24340493033816,0.0006037374688503405,0.019493775530207813,0.2901187517601045,-0.45659506966183017,-0.00488829091275278,-0.07471334224995019,0.1188894641736411,3.5557999999582535,10.785700000042198
-341.csv,190.8,8,25.8270676480725,25.82120180130005,25.756954920629894,25.995565934583045,190.81414106328748,190.83686213656247,191.0864097455454,190.1659322113183,0.014141063287468114,0.036862136562461956,0.28640974554539866,-0.6340677886817048,-0.0058658467724512775,-0.07011272744260566,0.16849828651054466,3.8039999999455176,8.53159999996933
-334.csv,191.5,9,25.62877278198451,25.61129993862576,25.596752767976326,27.097069753320444,191.58810504344785,191.65688889077234,191.71422851525216,186.13070178071692,0.08810504344785386,0.15688889077233625,0.21422851525215947,-5.369298219283081,-0.017472843358749657,-0.03202001400818233,1.4682969713359348,2.6413999999022053,5.5919000001267705
-325.csv,192.4,8,25.413092844665627,25.413069486618042,25.374774152310877,24.518534656772438,192.44390488930603,192.4439983740811,192.59750189057098,196.15741286944888,0.04390488930602032,0.043998374081098746,0.197501890570976,3.7574128694488707,-2.335804758502036e-05,-0.03831869235474983,-0.894558187893189,2.115100000082748,6.836900000052992
-318.csv,193.1,8,25.244593955970736,25.25092363357544,25.184281970932478,24.604198168670795,193.12286864987618,193.0971962929741,193.3681463164769,195.7898782893543,0.02286864987618742,-0.0028037070258903896,0.26814631647690135,2.6898782893543114,0.006329677604703932,-0.06031198503825763,-0.6403957872999406,2.1733999999469233,4.941200000075696
-317.csv,193.2,9,25.21897071286719,25.2204532623291,25.15857686841578,24.61153905742131,193.22692748271922,193.2209008087005,193.47304865474496,195.7585040250977,0.02692748271923051,0.02090080870050315,0.27304865474496864,2.5585040250977045,0.0014825494619117308,-0.06039384445141138,-0.607431655445879,4.776900000024398,6.49110000017572
-314.csv,193.5,8,25.14782671382945,25.139474153518677,25.09405854020417,24.648236829161938,193.51698480808807,193.55114838379467,193.7373128373035,195.60194708055982,0.01698480808806835,0.05114838379466846,0.23731283730350583,2.1019470805598246,-0.008352560310772361,-0.0537681736252793,-0.4995898846675111,2.4193000001559994,6.07769999987795
-311.csv,193.8,8,25.07523178941906,25.023083448410034,25.102671941935405,24.748424460282983,193.81468773742301,194.02962891197012,193.7019526089704,195.1769464098453,0.014687737423003,0.22962891197011004,-0.0980473910296098,1.3769464098452886,-0.05214834100902621,0.027440152516344796,-0.32680732913607713,3.029900000001362,8.338399999956891
-309.csv,194.0,8,25.00652958537613,24.995640993118286,24.98416771403003,24.732031404572833,194.09805056718008,194.1431064949353,194.19062513422287,195.2462461996863,0.09805056718008132,0.1431064949352958,0.19062513422286997,1.2462461996863112,-0.010888592257842333,-0.02236187134609935,-0.27449818080329536,2.096700000038254,7.225699999935387
-305.csv,194.4,8,24.90928039301769,24.903993606567383,24.86948493133849,24.148348635834857,194.50188108619952,194.5239268294812,194.66806183668396,197.77627265259375,0.10188108619951208,0.12392682948120637,0.26806183668395533,3.376272652593741,-0.005286786450305669,-0.039795461679197786,-0.7609317571828313,2.079700000194862,6.105799999886585
-304.csv,194.5,9,24.8864384055126,24.8771235148112,24.843556026414973,24.19395899581965,194.5972000272609,194.63612203766192,194.77662978032262,197.57408341173553,0.0972000272608966,0.1361220376619201,0.2766297803226223,3.074083411735529,-0.009314890701400458,-0.04288237909762671,-0.6924794096929503,2.1867000000383996,5.506299999979092
-299.csv,195.0,9,24.772417223146803,24.77062776353624,24.708230462293898,24.312529547069087,195.07568837685136,195.08323363106612,195.34702895042938,197.0520858379125,0.07568837685136032,0.08323363106612192,0.347028950429376,2.0520858379125,-0.0017894596105634264,-0.06418676085290542,-0.45988767607771663,3.859800000100222,5.697099999906641
-298.csv,195.1,9,24.74569149060577,24.748267067803276,24.67948894814235,24.329677232211306,195.188493224884,195.17761132352666,195.46899637329088,196.97702418629186,0.08849322488401867,0.07761132352666777,0.36899637329088364,1.8770241862918624,0.0025755771975077835,-0.06620254246341872,-0.41601425839446193,2.245600000151171,9.100999999873238
-290.csv,195.9,9,24.555795090363965,24.51277690463596,24.464208776900488,24.525630981017063,195.99722755819494,196.18221018199975,196.3918558237616,196.12686697657116,0.09722755819493045,0.28221018199974424,0.49185582376159687,0.22686697657115928,-0.04301818572800542,-0.0915863134634769,-0.03016410934690228,2.4594000001343375,5.778699999837045
-285.csv,196.4,8,24.444578497625308,24.441596508026123,24.416151264673573,24.604121962727973,196.47683165180163,196.48975231461648,196.60013497907258,195.79020408650757,0.07683165180162632,0.08975231461647581,0.2001349790725726,-0.6097959134924338,-0.002981989599184942,-0.028427232951734993,0.15954346510266504,2.0382999998673768,6.089500000143744
-283.csv,196.6,9,24.38526068567253,24.39865557352702,24.364501259894112,24.657534885426383,196.73445564024433,196.6761684011061,196.82491853357058,195.56235597578092,0.1344556402443402,0.07616840110611633,0.22491853357058744,-1.0376440242190768,0.013394887854488502,-0.020759425778418716,0.27227419975385203,3.591499999856751,7.488899999998466
-281.csv,196.8,8,24.35550586170328,24.360344648361206,24.33519047187336,24.679655041381352,196.86416644583514,196.8430506114801,196.95291366273054,195.4682907079321,0.0641664458351272,0.04305061148008349,0.1529136627305263,-1.3317092920678988,0.004838786657927585,-0.020315389829917763,0.32414917967807355,2.2853000000395696,5.042799999955605
-278.csv,197.1,8,24.29643603512675,24.278552055358887,24.273342198860295,24.736741735990456,197.1226313383834,197.2011372596674,197.22402934878212,195.2263242135059,0.022631338383405364,0.10113725966741072,0.12402934878213046,-1.8736757864940898,-0.017883979767862712,-0.02309383626645456,0.440305700863707,2.1983999999974912,8.802000000059707
-275.csv,197.4,9,24.228186222570105,24.166435453626846,24.156849855426053,24.749953037163593,197.42286543697531,197.69600118913698,197.73852794348903,195.17048929663554,0.02286543697530874,0.29600118913697315,0.3385279434890265,-2.2295107033644683,-0.06175076894325926,-0.07133636714405256,0.5217668145934873,3.8830000000871223,6.500400000049922
-273.csv,197.6,8,24.165456781526142,24.204881191253662,24.118716862326547,24.950391173103718,197.70034151506886,197.52578107407567,197.90804754859312,194.33077546763917,0.10034151506886246,-0.07421892592432755,0.3080475485931231,-3.2692245323608233,0.039424409727519816,-0.04673991919959519,0.7849343915775755,2.1587999999610474,5.1728999999340886
-269.csv,198.0,9,24.086358434874764,24.100019454956055,24.031037525764088,25.113071045249722,198.05232606810307,197.9913666055737,198.29990735648872,193.6592945742696,0.05232606810307061,-0.008633394426311725,0.2999073564887169,-4.340705425730391,0.013661020081290332,-0.05532090911067655,1.0267126103749575,2.2291000000222994,10.323100000050545
-265.csv,198.4,9,24.019955258200525,24.002810584174263,23.957154122004642,25.243291146434697,198.3496444953317,198.42668202668978,198.63238276091968,193.1281543065141,-0.05035550466831751,0.0266820266897696,0.2323827609196769,-5.271845693485915,-0.017144674026262408,-0.06280113619588334,1.2233358882341712,2.3955000001478766,11.105399999905785
-264.csv,198.5,9,23.976673873827785,23.96111297607422,23.927743687213123,22.504032444979757,198.54434057512117,198.61451484921315,198.765312918086,205.62492400442724,0.04434057512116851,0.11451484921315114,0.26531291808601054,7.124924004427243,-0.015560897753566394,-0.048930186614661864,-1.4726414288480285,2.2242000000005646,7.8325999998014595
-258.csv,199.1,9,23.856599718904764,23.84428490532769,23.81034758819634,23.129872735618605,199.0882550582674,199.14435512958858,199.29926297646392,202.5033037149939,-0.011744941732587222,0.04435512958858112,0.19926297646392754,3.4033037149939105,-0.01231481357707409,-0.04625213070842449,-0.7267269832861594,3.829100000075414,6.2525999999252235
-256.csv,199.3,8,23.82915980669199,23.834158182144165,23.809029158958975,23.56959953592958,199.21333843388305,199.19053170635092,199.30529008097434,200.4112405659236,-0.08666156611695897,-0.10946829364908695,0.005290080974333478,1.1112405659235947,0.0049983754521747414,-0.02013064773301565,-0.2595602707624103,2.2179999998570565,6.999000000178057
-252.csv,199.7,9,23.730542287862114,23.71659278869629,23.681887686005027,23.537981542656823,199.6653190081998,199.72956168559998,199.8897269513824,200.55900459312576,-0.0346809918002009,0.02956168559998673,0.18972695138242557,0.8590045931257748,-0.01394949916582533,-0.0486546018570877,-0.19256074520529154,4.577200000085213,9.91399999998066
-236.csv,201.3,8,23.36707059435337,23.391425848007202,23.31160619394519,23.80216258306143,201.36481232753968,201.24924793126235,201.6289082810931,199.33669115835986,0.06481232753966992,-0.05075206873766547,0.3289082810930779,-1.9633088416401563,0.02435525365383384,-0.05546440040817657,0.43509198870806287,3.2949000001281092,7.430999999996857
-232.csv,201.7,8,23.29796568874322,23.324881553649902,23.25189189779533,23.92584893977846,201.69405484153737,201.56558036188954,201.91467877143444,198.7738882912732,-0.005945158462623112,-0.13441963811044388,0.2146787714344498,-2.926111708726779,0.02691586490668385,-0.0460737909478901,0.627883251035243,3.1041999998251413,7.463400000006004
-227.csv,202.2,9,23.192619161100957,23.190392388237846,23.141098596268286,24.07587684792976,202.1998225175522,202.2105638846307,202.44888491638488,198.0991458382289,-0.00017748244778204025,0.010563884630698794,0.2488849163848954,-4.100854161771082,-0.002226772863110682,-0.05152056483267131,0.8832576868288022,3.4318000000439497,7.745399999976144
-224.csv,202.5,9,23.14015301948133,23.13062795003255,23.07868108838262,24.164714183226113,202.4534666410152,202.4996410235247,202.75214737087902,197.70363511355814,-0.04653335898478872,-0.00035897647529736787,0.2521473708790154,-4.796364886441864,-0.009525069448777401,-0.06147193109870841,1.0245611637447851,2.477700000099503,6.965899999840985
-217.csv,203.2,9,23.0115117109038,23.04155710008409,22.927638489248906,24.36092227964953,203.08037474334722,202.93331442246338,203.49298494543805,196.84053047567372,-0.11962525665276758,-0.26668557753660593,0.2929849454380644,-6.359469524326272,0.030045389180290982,-0.08387322165489408,1.3494105687457285,2.4337999998351734,7.159800000181349
-214.csv,203.5,8,22.950470920530297,22.944342613220215,22.87843936171889,22.512364986581552,203.380356718126,203.41056405848514,203.73645595498556,205.58219707038003,-0.11964328187400497,-0.08943594151486423,0.2364559549855585,2.082197070380033,-0.006128307310081738,-0.07203155881140688,-0.4381059339487443,2.70290000003115,5.374300000084986
-210.csv,203.9,9,22.862662390712757,22.892831802368164,22.804467878174776,21.983895756607833,203.81475792981092,203.6651216556623,204.10453774358143,208.35760184575895,-0.08524207018908214,-0.23487834433771582,0.20453774358142596,4.457601845758944,0.03016941165540743,-0.05819451253798036,-0.8787666341049238,3.520100000059756,6.15420000008271
-204.csv,204.5,9,22.74412623841577,22.692692014906143,22.703400449718256,22.214786539173865,204.40660932815177,204.66538618140828,204.61141094133893,207.12840769870735,-0.09339067184822625,0.1653861814082802,0.11141094133893148,2.628407698707349,-0.05143422350962723,-0.04072578869751453,-0.5293396992419055,2.2287000001597335,5.564399999911984
-200.csv,204.9,9,22.671388262425957,22.648280673556858,22.62853228721064,22.223956800247525,204.77292144209426,204.88979568792666,204.98987297826886,207.08012707206979,-0.1270785579057474,-0.01020431207334127,0.08987297826885765,2.18012707206978,-0.023107588869098805,-0.0428559752153177,-0.4474314621784323,2.189700000144512,9.152499999800057
-197.csv,205.2,8,22.618039161912865,22.59868049621582,22.56743638070014,22.22958476974014,205.04312079347696,205.1414897899261,205.30061725670004,207.0505164681436,-0.15687920652302978,-0.05851021007387658,0.10061725670004762,1.85051646814361,-0.019358665697044586,-0.050602781212724324,-0.3884543921727257,2.1323999999367516,6.380400000125519
-196.csv,205.3,9,22.5961030300859,22.585638682047527,22.541757000793883,22.23396033608351,205.15459990321122,205.2078575369496,205.43174085279043,207.02750575936764,-0.14540009678879073,-0.09214246305040774,0.13174085279041492,1.7275057593676308,-0.010464348038372151,-0.054346029292016595,-0.3621426940023902,3.7199999999302236,5.869000000075175
-184.csv,206.5,9,22.31893052716733,22.31256781684028,22.284031323865186,22.343141672960755,206.58248378130406,206.6156877598919,206.7648446506093,206.45631398320768,0.08248378130406309,0.11568775989189817,0.26484465060929097,-0.043686016792321425,-0.006362710327049825,-0.03489920330214247,0.024211145793426425,2.2444999999606807,7.191400000010617
-176.csv,207.3,9,22.16834372850674,22.167692608303494,22.129108208558268,22.538059635631047,207.37355220848244,207.376996557265,207.58147347090093,205.45064542337374,0.07355220848242539,0.07699655726497667,0.2814734709009201,-1.8493545766262685,-0.000651120203247757,-0.039235519948473296,0.3697159071243057,2.3287000001346314,5.912699999953475
-169.csv,208.0,8,22.05005875354293,22.05360221862793,21.99745599930952,23.047992887897244,208.00267898786197,207.9837319610557,208.28468179772236,202.90186471492686,0.0026789878619695173,-0.016268038944303953,0.2846817977223566,-5.098135285073141,0.003543465084998587,-0.052602754233411986,0.9979341343543133,2.1411000000171043,5.9208999998645595
-160.csv,208.9,9,21.844217429638903,21.90180842081706,21.824666949994636,21.179170677246013,209.11410938396583,208.8009970030455,209.22078625438758,212.85612027635577,0.2141093839658197,-0.09900299695451054,0.3207862543875706,3.9561202763557617,0.057590991178155804,-0.01955047964426626,-0.6650467523928896,3.141500000083397,10.154999999940628
-158.csv,209.1,7,21.81868700545428,21.832642691476003,21.80523354877739,21.204145046032387,209.25345477283722,209.17724315517458,209.327018183895,212.71125599952492,0.15345477283722175,0.07724315517458535,0.22701818389501227,3.6112559995249285,0.013955686021724034,-0.013453456676888464,-0.6145419594218922,1.912899999979345,4.7325000000455475
-154.csv,209.5,8,21.74773793589243,21.728734731674194,21.739036867082902,21.25356053093096,209.64245287772056,209.74708444283016,209.6903377047625,212.4256473044162,0.14245287772055804,0.2470844428301575,0.19033770476249856,2.925647304416202,-0.019003204218236647,-0.008701068809529033,-0.49417740496146934,2.1266000001105567,7.057199999962904
-147.csv,210.2,9,21.64406453475405,21.703647401597763,21.62358078864878,21.31063500702994,210.215562489247,209.8855022127601,210.32946234334088,212.09745846640308,0.015562489247002986,-0.31449778723990107,0.12946234334089013,1.8974584664030942,0.05958286684371217,-0.020483746105270484,-0.3334295277241104,2.5236999999833643,7.172299999865572
-144.csv,210.5,8,21.585776877334883,21.64143705368042,21.55556425036673,21.367257860635405,210.54025164927373,210.23016026422178,210.70925683471575,211.77363934215185,0.04025164927372771,-0.26983973577821985,0.2092568347157453,1.2736393421518528,0.05566017634553688,-0.03021262696815441,-0.21851901669947793,4.140900000038528,7.483599999886792
-142.csv,210.7,8,21.554970039154902,21.573949575424194,21.523995268558593,21.389085906753944,210.71258562879225,210.6063542322723,210.88636786301205,211.64927593133632,0.01258562879226588,-0.09364576772767919,0.18636786301206598,0.9492759313363308,0.01897953626929194,-0.030974770596309043,-0.1658841324009579,2.019799999970928,9.418000000096072
-128.csv,212.1,9,21.29949083444104,21.309679879082573,21.282455534029506,21.682567754441152,212.16139811970785,212.10293582849204,212.25927053609158,210.002061157703,0.06139811970786013,0.002935828492041992,0.15927053609158293,-2.0979388422969976,0.010189044641531808,-0.01703530041153556,0.38307692000011073,2.277800000001662,5.539700000099401
-123.csv,212.6,9,21.21888011938137,21.217664930555557,21.19634241970746,21.899273199778698,212.62594863957975,212.6329792763321,212.7564777487615,208.81474512834427,0.025948639579752353,0.032979276332099516,0.15647774876151743,-3.7852548716557237,-0.00121518882581384,-0.022537699673911504,0.6803930803973266,3.0650999999579653,6.262800000058633
-122.csv,212.7,8,21.20134517179133,21.196887254714966,21.176677890842992,21.966060194497437,212.72747933619686,212.75331893722398,212.87059892366204,208.45365255735805,0.027479336196876147,0.053318937223991725,0.1705989236620553,-4.246347442641934,-0.004457917076365447,-0.024667280948339254,0.7647150227061061,2.205000000003565,6.558699999914097
-119.csv,213.0,9,21.1498414891736,21.134495629204643,21.118093635093405,22.07547147254371,213.0266918321485,213.1161327832616,213.21187634503903,207.86693396729189,0.026691832148486583,0.11613278326160525,0.2118763450390304,-5.133066032708115,-0.015345859968956432,-0.031747854080194315,0.9256299833701114,2.3183000000699394,8.269299999938085
-109.csv,214.0,9,20.982286640165817,20.998139487372505,20.961835523047935,20.247368548206605,214.01051116708442,213.9167407879147,214.1316950181435,218.52273874929628,0.010511167084416684,-0.08325921208529508,0.13169501814348905,4.5227387492962805,0.01585284720668767,-0.020451117117882944,-0.7349180919592122,2.3664000000280794,6.431400000110443
-98.csv,215.1,9,20.803965157830877,20.814031812879776,20.786655860412512,20.449458783128573,215.07537172766513,215.01476036387817,215.17973160541933,217.24883509217182,-0.024628272334865642,-0.08523963612182683,0.07973160541934021,2.1488350921718222,0.01006665504889881,-0.017309297418364622,-0.3545063747023036,2.3888000000624743,5.749100000002727
-92.csv,215.7,9,20.709809871076573,20.71603626675076,20.684840690470487,20.475645610761507,215.6452024997352,215.60735637462236,215.7972079644423,217.08564786725128,-0.05479750026478314,-0.09264362537763304,0.09720796444230473,1.3856478672512935,0.006226395674186591,-0.024969180606085217,-0.23416426031506532,4.321699999991324,10.05669999995007
-85.csv,216.4,8,20.59777143732636,20.617874145507812,20.581012401864566,20.48881265919398,216.33021425741165,216.20674344732754,216.43333704953096,217.0037568180046,-0.06978574258835124,-0.1932565526724659,0.03333704953095662,0.603756818004598,0.02010270818145088,-0.01675903546179569,-0.10895877813238286,2.914800000098694,8.016100000077131
-82.csv,216.7,9,20.54081010847753,20.559462865193684,20.525915686840296,20.612492634287715,216.6814150318094,216.56619011861886,216.77357735287197,216.23977250710388,-0.018584968190594964,-0.1338098813811257,0.07357735287197897,-0.4602274928961094,0.018652756716154073,-0.014894421637233535,0.07168252581018564,2.2993999998561776,7.237900000063746
-76.csv,217.3,8,20.45192288879092,20.466226816177368,20.434595930105516,20.675223920589463,217.2334613961274,217.14429326994835,217.341645823748,215.8558524891111,-0.06653860387260124,-0.15570673005166213,0.04164582374798442,-1.4441475108889108,0.014303927386446702,-0.017326958685405458,0.22330103179854177,2.984400000059395,8.16579999991518
-73.csv,217.6,9,20.441238957660897,20.421924591064453,20.421269233160714,20.690879621408012,217.30014650968468,217.42088098001088,217.4249817383052,215.76041017983357,-0.2998534903153143,-0.17911901998911617,-0.17501826169478818,-1.8395898201664238,-0.019314366596443477,-0.019969724500182195,0.24964066374711535,2.880999999888445,6.0429000000112865
-71.csv,217.8,8,20.37765440465204,20.396056413650513,20.35430553029047,20.73694805372123,217.69849932727885,217.58295039570785,217.84541843704642,215.4804178415084,-0.10150067272115848,-0.21704960429215703,0.04541843704640769,-2.319582158491613,0.01840200899847133,-0.023348874361570182,0.3592936490691869,2.0400000000790897,5.542500000046857
-59.csv,219.0,9,20.19018168622477,20.202640109592014,20.169230392554898,20.94534136672179,218.88796737123874,218.80822012146785,219.02230571629366,214.22960824060723,-0.11203262876125564,-0.19177987853214518,0.022305716293658406,-4.770391759392766,0.012458423367245786,-0.020951293669870807,0.7551596804970231,3.3369000000220694,6.1591999999563996
-52.csv,219.7,9,20.07950417178557,20.079672707451714,20.069482449324973,19.246090482312848,219.6008741976825,219.59978248662782,219.66582494905174,225.23928985092996,-0.09912580231750212,-0.1002175133721721,-0.034175050948249464,5.5392898509299755,0.00016853566614472015,-0.010021722460596294,-0.8334136894727209,2.243899999939458,9.232200000042212
-44.csv,220.5,8,19.969981903198565,19.983825206756592,19.95878527615299,19.77752087628445,220.31431247223344,220.22369339854802,220.38770049316065,221.58764635662493,-0.18568752776656083,-0.27630660145197794,-0.1122995068393493,1.08764635662493,0.01384330355802632,-0.011196627045574559,-0.19246102691411693,2.1436000001813227,5.02739999978985
-34.csv,221.5,9,19.787366890930688,19.803519354926216,19.77658720671735,19.887163623122632,221.52188821190018,221.41415664467326,221.59388549893012,220.85914676925478,0.021888211900176202,-0.08584335532674459,0.09388549893012055,-0.6408532307452219,0.016152463995528166,-0.010779684213339635,0.09979673219194396,2.2833999998965737,7.362800000009884
-24.csv,222.5,9,19.62999822082161,19.646387312147354,19.623971015050493,20.233795647678786,222.58099831177088,222.46988619176742,222.62190845116044,218.60923175727757,0.0809983117708839,-0.030113808232584915,0.12190845116043647,-3.89076824272243,0.016389091325745397,-0.006027205771115263,0.6037974268571773,2.7225999999700434,6.1281000000690256
-21.csv,222.8,9,19.583470283833925,19.607559627956814,19.57662424323266,20.284673432443054,222.89748013346835,222.7334327633588,222.94417691369753,218.2856250842515,0.09748013346833773,-0.06656723664121955,0.14417691369752106,-4.514374915748505,0.024089344122888434,-0.006846040601264036,0.7012031486091281,2.482599999893864,8.017500000050859
-15.csv,223.4,8,19.484686511280547,19.49850296974182,19.478243049129347,18.921938813692968,223.57454392368984,223.479422743949,223.61895208593063,227.57001511155534,0.17454392368983918,0.07942274394898163,0.2189520859306242,4.17001511155533,0.01381645846127455,-0.006443462151199952,-0.5627476975875787,2.003899999863279,7.3813999999856605
-4.csv,224.5,8,19.338650956868708,19.374318599700928,19.336135971742767,18.754922674664495,224.58846907327265,224.33938157508504,224.60606822511753,228.80318534263716,0.0884690732726483,-0.1606184249149578,0.10606822511752512,4.303185342637164,0.03566764283221957,-0.0025149851259413936,-0.5837282822042127,3.162300000212781,7.027999999991152
-3.csv,224.6,9,19.32663375263806,19.36479420132107,19.324000808900117,18.762825450436466,224.67260446775376,224.40580377571368,224.691052688291,228.74432691261998,0.07260446775376295,-0.19419622428631556,0.09105268829100055,4.144326912619988,0.03816044868301205,-0.0026329437379430942,-0.5638083022015934,2.7126999998472456,6.129600000122082
4.csv,225.3,9,19.250496245707552,19.311282687717014,19.24689309069784,18.86004592391399,225.208166060234,224.78023728560106,225.2336188671131,228.02438918342804,-0.09183393976601906,-0.5197627143989507,-0.06638113288690306,2.7243891834280305,0.06078644200946215,-0.0036031550097135323,-0.390450321793562,2.28819999983898,9.179900000162888
5.csv,225.4,9,19.22651574635631,19.260453330145943,19.22038890357828,18.85986872845293,225.37774929674245,225.13787968598268,225.4211462058433,228.0256944222856,-0.02225070325755496,-0.2621203140173236,0.021146205843308508,2.6256944222855907,0.03393758378963341,-0.00612684277803055,-0.3666470179033787,4.207800000131101,8.11929999986205
6.csv,225.5,8,19.221453821790877,19.252134323120117,19.21502794853317,18.856980482700347,225.41360126852368,225.19659785863524,225.45914156234977,228.04697306904836,-0.08639873147632215,-0.3034021413647565,-0.04085843765022901,2.546973069048363,0.030680501329239718,-0.006425873257708048,-0.36447333909053015,2.0431999998891115,5.463899999995192
15.csv,226.4,9,19.079919506896186,19.095516840616863,19.073670289210465,18.849965713579618,226.4239461637989,226.31185088200056,226.46891097244244,228.09868102554785,0.02394616379888248,-0.0881491179994498,0.06891097244243838,1.6986810255478417,0.015597333720677398,-0.0062492176857205095,-0.22995379331656807,2.320800000006784,5.521400000134236
17.csv,226.6,9,19.05170027186337,19.06649335225423,19.046406165514597,18.833009541524333,226.62723145150997,226.52058828578507,226.6654379140465,228.22383332862972,0.027231451509976523,-0.07941171421492754,0.06543791404649824,1.623833328629729,0.014793080390859359,-0.005294106348774363,-0.21869073033903774,2.8131999999914115,6.871000000046479
19.csv,226.8,9,19.02591092001717,19.045908398098415,19.02130537550295,18.84180659098393,226.81355357223632,226.6690313187834,226.8468821323518,228.15887406973712,0.01355357223630449,-0.13096868121661487,0.04688213235178296,1.3588740697371122,0.01999747808124397,-0.004605544514220128,-0.18410432903324292,2.8723999998874206,7.564700000102675
20.csv,226.9,8,19.01333565694272,19.028603315353394,19.00892976904977,18.847805517717035,226.90459507520953,226.7940774075567,226.93652175359054,228.11461243030692,0.004595075209522292,-0.10592259244330648,0.036521753590534445,1.2146124303069143,0.015267658410675011,-0.004405887892946936,-0.16553013922568383,2.0551999998588144,6.587100000160717
23.csv,227.2,9,18.984186165085664,18.999948501586914,18.980005189662663,18.857456642628254,227.1161055141181,227.0016503677472,227.14649759331326,228.0434645832615,-0.08389448588189907,-0.19834963225278557,-0.05350240668673223,0.8434645832615217,0.015762336501250473,-0.004180975423000888,-0.12672952245740987,2.4382000001423876,7.408799999893745
24.csv,227.3,9,18.95411020323632,18.97683334350586,18.958199836421038,18.83962716401864,227.33503831286328,227.16956334277612,227.305226651744,228.17496161316902,0.03503831286326431,-0.1304366572238962,0.005226651743981847,0.8749616131690061,0.02272314026954092,0.004089633184719332,-0.11448303921767788,3.4542999999302992,8.938100000023042
27.csv,227.6,9,18.914026059565707,18.935555352105034,18.918895120306228,18.854251875462122,227.62793483187772,227.47046117806423,227.5922884313991,228.06708175396787,0.027934831877729493,-0.1295388219357676,-0.007711568600882401,0.4670817539678751,0.021529292539327116,0.0048690607405212916,-0.059774184103584815,2.6679000000058295,7.173399999828689
37.csv,228.6,8,18.775168346001497,18.789533615112305,18.77925434763216,18.6128116220522,228.65250104136507,228.54578551647896,228.6221302339525,229.87036157255275,0.05250104136507616,-0.05421448352103653,0.02213023395250957,1.2703615725527584,0.014365269110808043,0.004086001630664526,-0.1623567239492978,2.0089000001917157,5.661599999939426
40.csv,228.9,8,18.74278788671531,18.73487687110901,18.73934100656567,18.649052949548178,228.89366221735474,228.95271147304243,228.91938406402812,229.5966227317632,-0.006337782645260859,0.05271147304242163,0.019384064028116654,0.696622731763199,-0.007911015606300253,-0.003446880149638787,-0.093734937167131,3.0065000000831787,11.401499999919906
45.csv,229.4,8,18.6748527836724,18.671796083450317,18.682063071876485,18.63014336702372,229.40241550671377,229.4253959213358,229.34823880965484,229.73931460132803,0.0024155067137598962,0.025395921335785943,-0.05176119034516091,0.33931460132802727,-0.0030567002220820427,0.007210288204085202,-0.04470941664867922,3.088400000024194,7.975500000156899
47.csv,229.6,8,18.65080825143568,18.656916618347168,18.65864584939043,18.612015105014,229.5833922771331,229.5373708501041,229.5243481617698,229.87639013676278,-0.016607722866893937,-0.06262914989588353,-0.07565183823018629,0.27639013676278523,0.006108366911487195,0.007837597954750919,-0.03879314642168197,3.2211000000188506,7.327499999973952
