Filename,Position_mm,Segment_Count,Teacher_Width,Student_Width,Teacher_Pos_Pred,Student_Pos_Pred,Teacher_Error_mm,Student_Error_mm,plain_fft_Width,plain_fft_Pos_Pred,plain_fft_Error_mm,plain_fft_vs_Teacher_WidthErr,plain_fft_Latency_ms,full_xcorr_fft_Width,full_xcorr_fft_Pos_Pred,full_xcorr_fft_Error_mm,full_xcorr_fft_vs_Teacher_WidthErr,full_xcorr_fft_Latency_ms,norm_xcorr_fft_Width,norm_xcorr_fft_Pos_Pred,norm_xcorr_fft_Error_mm,norm_xcorr_fft_vs_Teacher_WidthErr,norm_xcorr_fft_Latency_ms,welch_periodogram_Width,welch_periodogram_Pos_Pred,welch_periodogram_Error_mm,welch_periodogram_vs_Teacher_WidthErr,welch_periodogram_Latency_ms,autocorr_period_Width,autocorr_period_Pos_Pred,autocorr_period_Error_mm,autocorr_period_vs_Teacher_WidthErr,autocorr_period_Latency_ms,hilbert_phase_Width,hilbert_phase_Pos_Pred,hilbert_phase_Error_mm,hilbert_phase_vs_Teacher_WidthErr,hilbert_phase_Latency_ms,sinusoid_ls_Width,sinusoid_ls_Pos_Pred,sinusoid_ls_Error_mm,sinusoid_ls_vs_Teacher_WidthErr,sinusoid_ls_Latency_ms,zero_crossing_Width,zero_crossing_Pos_Pred,zero_crossing_Error_mm,zero_crossing_vs_Teacher_WidthErr,zero_crossing_Latency_ms
-449.csv,180.0,8,28.93550486328443,28.782599210739136,180.09177751843762,180.56412680204193,0.09177751843762394,0.5641268020419261,28.73414712766227,180.71486970735424,0.7148697073542394,-0.2013577356221603,9.578599999713333,29.250233573144413,179.1353377923403,-0.8646622076597055,0.3147287098599847,8.061399999860441,29.25070853673804,179.1339102258011,-0.8660897741989118,0.31520367345360967,8.170999999947526,28.444444444444443,181.62708661977356,1.6270866197735643,-0.49106041883998586,4.002800000307616,2.5,1327.2725039344682,1147.2725039344682,-26.43550486328443,4.901400000107969,51.75221180455175,141.18743200811136,-38.81256799188864,22.81670694126732,6.622599999900558,28.637885328239616,181.01589648857188,1.015896488571883,-0.297619535044813,246.25539999988177,28.125,182.65512295195475,2.655122951954752,-0.8105048632844287,1.414899999872432
-429.csv,182.0,9,28.307786549047435,28.265233781602646,182.06398979372378,182.20091108561115,0.06398979372377767,0.20091108561115334,28.255382233891172,182.2326700570575,0.2326700570575042,-0.05240431515626298,7.43030000012368,26.634491588848967,187.78389670306044,5.783896703060435,-1.6732949601984686,13.742499999807478,26.646057391419106,187.74184939407021,5.741849394070215,-1.6617291576283293,10.89799999999741,28.444444444444443,181.62708661977356,-0.3729133802264357,0.13665789539700768,5.176099999971484,2.5,1327.2725039344682,1145.2725039344682,-25.807786549047435,9.402399999999034,48.4537276609619,144.5231343977185,-37.47686560228149,20.145941111914468,11.600399999679212,28.160724336960218,182.53897623299738,0.5389762329973848,-0.14706221208721715,253.2704999998714,28.666666666666668,180.92567690129133,-1.0743230987086747,0.35888011761923266,1.9098000002486515
-416.csv,183.3,9,27.945305381184504,27.88791953192817,183.24392803976883,183.43359102719592,-0.05607196023117922,0.1335910271959051,27.885787495208184,183.440652817128,0.14065281712800015,-0.05951788597631946,3.9744999999129504,26.916229871731645,186.77011112951004,3.4701111295100304,-1.0290755094528592,9.195000000090658,26.925645217311413,186.73660474327676,3.436604743276746,-1.019660163873091,12.39720000012312,28.444444444444443,181.62708661977356,-1.672913380226447,0.49913906325993906,3.7021999996795785,2.5,1327.2725039344682,1143.9725039344683,-25.445305381184504,7.527700000082405,48.48528553139633,144.48904833518796,-38.81095166481205,20.539980150211825,7.961600000271574,27.834336443118488,183.6114042810265,0.31140428102648343,-0.11096893806601571,171.84009999982663,29.0,179.8940610577609,-3.4059389422391178,1.0546946188154962,0.8425000000897853
-409.csv,184.0,9,27.71755560904927,27.69984202914768,184.0013610448631,184.0608028859818,0.0013610448631027339,0.0608028859817864,27.658336486474155,184.20038747218425,0.20038747218424646,-0.05921912257511508,2.3233000001710025,27.028518814664103,186.3720572778556,2.372057277855589,-0.6890367943851672,7.6954000001023815,27.03837207224215,186.3372890692366,2.33728906923659,-0.6791835368071197,6.032299999787938,28.444444444444443,181.62708661977356,-2.3729133802264357,0.7268888353951724,2.273600000080478,2.5,1327.2725039344682,1143.2725039344682,-25.21755560904927,6.0923000000912,48.37525688161593,144.60808643163827,-39.39191356836173,20.657701272566662,5.156300000180636,27.565678742800873,184.51354251613756,0.5135425161375622,-0.15187686624839714,160.20430000025954,29.0,179.8940610577609,-4.105938942239106,1.2824443909507295,0.8407000000261178
-405.csv,184.4,9,27.597015464111056,27.558087454901802,184.4073943653541,184.5392937695136,0.007394365354087995,0.13929376951358563,27.52011142900495,184.66833361175,0.2683336117499948,-0.07690403510610722,3.429399999731686,27.105399661265388,186.10145856981072,1.7014585698107112,-0.4916158028456685,7.241999999678228,27.11493106571139,186.06801960077613,1.6680196007761197,-0.48208439839966744,6.900300000324933,28.444444444444443,181.62708661977356,-2.7729133802264414,0.8474289803333868,2.621300000100746,2.5,1327.2725039344682,1142.872503934468,-25.097015464111056,7.004300000062358,48.363327508273606,144.62102549039355,-39.778974509606456,20.76631204416255,6.180900000344991,27.427916750850827,184.98311814715672,0.5831181471567106,-0.16909871326022952,166.25999999996566,27.22222222222222,185.69325535809924,1.2932553580992305,-0.37479324188883467,0.8178999996744096
-404.csv,184.5,8,27.57378122989008,27.55485987663269,184.486073090946,184.55024677320722,-0.013926909053992631,0.050246773207220485,27.500566531821363,184.7348871926699,0.23488719266990188,-0.07321469806871761,1.9886000000042259,27.086640152340834,186.1673424373562,1.6673424373562113,-0.4871410775492464,4.722900000160735,27.09708164492571,186.13066019027283,1.6306601902728346,-0.47669958496437204,8.604099999956816,28.444444444444443,181.62708661977356,-2.8729133802264357,0.8706632145543622,2.4044000001595123,2.5,1327.2725039344682,1142.7725039344682,-25.07378122989008,5.089200000384153,48.36259968965937,144.62181511925195,-39.87818488074805,20.78881845976929,8.90560000016194,27.408437330709734,185.04990350572706,0.5499035057270589,-0.1653438991803462,135.3804999998829,27.5625,184.5243237264816,0.02432372648161163,-0.011281229890080624,0.8741000001464272
-403.csv,184.6,9,27.556908948896755,27.533477147420246,184.54329280609977,184.6228765257035,-0.056707193900223274,0.022876525703509287,27.484856219130176,184.78845323901876,0.1884532390187701,-0.07205272976657895,3.6489000003712135,27.09446207788505,186.13986034605244,1.5398603460524498,-0.46244687101170356,7.818399999905523,27.09919269224535,186.12324731951912,1.523247319519129,-0.4577162566514055,6.114499999966938,28.444444444444443,181.62708661977356,-2.97291338022643,0.887535495547688,2.207800000178395,2.5,1327.2725039344682,1142.6725039344683,-25.056908948896755,4.7920000001795415,49.2869744882103,143.63791861793587,-40.96208138206413,21.730065539313543,4.950699999881181,27.392779648881838,185.10365610393814,0.5036561039381411,-0.16412930001491688,188.37219999977606,28.27777777777778,182.16050490776223,-2.439495092237763,0.7208688288810237,1.4207999997779552
-398.csv,185.1,9,27.409392835001395,27.37623045179579,185.04662529718718,185.16053730648588,-0.05337470281281753,0.060537306485883846,27.31583801877962,185.3687072492682,0.26870724926820344,-0.09355481622177564,2.8894999995827675,27.681354440820403,184.1229246664019,-0.9770753335980942,0.2719616058190084,6.0984000001553795,27.685124762697782,184.1102488194279,-0.9897511805720853,0.27573192769638766,5.7122999996863655,28.444444444444443,181.62708661977356,-3.47291338022643,1.0350516094430482,2.8423999997357896,2.5,1327.2725039344682,1142.1725039344683,-24.909392835001395,4.708800000116753,48.35702026679598,144.62786917404634,-40.472130825953656,20.947627431794583,5.037699999775214,27.224327673658077,185.68593117885254,0.5859311788525474,-0.18506516134331719,159.01779999967403,27.666666666666668,184.17233859306188,-0.9276614069381139,0.2572738316652732,1.1139999996885308
-396.csv,185.3,8,27.35567683796738,27.30272889137268,185.23127962755458,185.41401765886596,-0.06872037244542639,0.11401765886594717,27.258193962774378,185.5682796880427,0.2682796880426963,-0.09748287519300192,2.264900000227499,27.382219950023718,185.13994273526518,-0.1600572647348315,0.026543112056337748,7.0240000000012515,27.387301344671982,185.12247782025503,-0.17752217974498308,0.031624506704602595,5.633899999793357,28.444444444444443,181.62708661977356,-3.672913380226447,1.088767606477063,2.000099999804661,2.5,1327.2725039344682,1141.9725039344683,-24.85567683796738,4.717099999652419,48.336143232202055,144.6505347069668,-40.64946529303322,20.980466394234675,4.592000000229746,27.166876730068267,185.88619884469136,0.5861988446913529,-0.1888001078991124,144.74909999989904,27.75,183.89268699933191,-1.407313000668097,0.3943231620326202,1.6179999997802952
-394.csv,185.5,8,27.30782142250124,27.26891589164734,185.39641056504487,185.53109371602676,-0.10358943495512563,0.03109371602675992,27.219533226516077,185.70261117521733,0.20261117521732785,-0.08828819598516446,2.049300000180665,27.376462162372203,185.15974041139543,-0.3402595886045674,0.0686407398709612,4.791400000158319,27.381977154808236,185.1407773953326,-0.3592226046673943,0.07415573230699479,4.959699999744771,28.444444444444443,181.62708661977356,-3.8729133802264357,1.1366230219432012,2.664800000275136,2.5,1327.2725039344682,1141.7725039344682,-24.80782142250124,4.232300000239775,48.3511317441436,144.6342601540472,-40.86573984595279,21.04331032164236,4.426999999850523,27.128345510514347,186.02099831623698,0.5209983162369838,-0.17947591198689494,142.90600000003906,27.5,184.73681776263774,-0.7631822373622583,0.19217857749875833,1.022200000079465
-388.csv,186.1,8,27.115683185826818,27.076032400131226,186.0653819612388,186.20463827539018,-0.03461803876118097,0.10463827539018666,27.046509769789886,186.30859383626773,0.2085938362677382,-0.06917341603693217,2.8182000000924745,27.327879707708043,185.3271253340362,-0.7728746659637977,0.21219652188122495,6.36190000022907,27.331672464549737,185.31403605120173,-0.785963948798269,0.21598927872291895,5.0203000000692555,28.444444444444443,181.62708661977356,-4.47291338022643,1.3287612586176252,1.9391999999243126,2.5,1327.2725039344682,1141.1725039344683,-24.615683185826818,4.196400000182621,48.292538120270876,144.69793924440947,-41.402060755590526,21.17685493444406,6.216599999788741,26.955901696859268,186.62909239671944,0.5290923967194487,-0.15978148896754973,139.2839999998614,27.0,186.47283441447115,0.37283441447115706,-0.11568318582681769,0.725599999896076
-372.csv,187.7,9,26.682322310381583,26.644486321343315,187.61024952123282,187.74755881446598,-0.08975047876717213,0.04755881446598664,26.62378702134812,187.8228461620322,0.12284616203220367,-0.05853528903346117,2.165100000183884,25.513775485026702,192.0425690016884,4.3425690016884175,-1.1685468253548805,5.170700000235229,25.53414494906366,191.96176571436808,4.261765714368096,-1.1481773613179236,5.227999999988242,25.6,191.7014233174493,4.001423317449309,-1.0823223103815813,2.290000000357395,2.5,1327.2725039344682,1139.5725039344682,-24.182322310381583,7.702800000060961,48.227967016875446,144.7682956496688,-42.93170435033119,21.545644706493864,7.085799999913434,26.534595105028693,188.1486229319159,0.4486229319159065,-0.14772720535288997,178.3850000001621,27.0,186.47283441447115,-1.2271655855288373,0.31767768961841725,1.1611999998422107
-370.csv,187.9,9,26.632770831623283,26.585422939724392,187.79015567007406,187.96269949975985,-0.10984432992594861,0.06269949975984446,26.563598648222133,188.04244191539397,0.14244191539395956,-0.06917218340115028,3.3428000001549663,25.550593199626846,191.89661326615007,3.9966132661500637,-1.0821776319964371,7.484199999908014,25.57176777388219,191.81286537248997,3.9128653724899607,-1.0610030577410932,5.544099999951868,25.6,191.7014233174493,3.8014233174492915,-1.0327708316232815,2.2011000000929926,2.5,1327.2725039344682,1139.372503934468,-24.132770831623283,8.754299999964132,48.217335414074604,144.77989805096647,-43.12010194903354,21.58456458245132,7.555900000170368,26.474608367993582,188.368984378122,0.468984378122002,-0.15816246362970077,156.49460000031468,27.0,186.47283441447115,-1.4271655855288543,0.36722916837671704,1.0159999997085833
-369.csv,188.0,9,26.60838012456456,26.553301281399197,187.87896147221005,188.08011318387517,-0.12103852778994906,0.08011318387517008,26.53747549442005,188.13806734732563,0.13806734732563086,-0.07090463014451132,3.1853999998929794,25.571891737230448,191.81237549935182,3.812375499351816,-1.0364883873341135,5.797700000130135,25.59315827846614,191.7284068760846,3.728406876084591,-1.0152218460984201,5.197500000122091,25.6,191.7014233174493,3.701423317449297,-1.0083801245645603,3.0081999998401443,2.5,1327.2725039344682,1139.2725039344682,-24.10838012456456,5.641599999762548,48.21550062914734,144.78190089771803,-43.21809910228197,21.60712050458278,5.459500000142725,26.448572728944608,188.46494325944082,0.4649432594408154,-0.1598073956199535,151.53800000007323,26.555555555555557,188.07186373832351,0.07186373832351478,-0.05282456900900456,0.8152000000336557
-366.csv,188.3,8,26.537804732973697,26.486344575881958,188.13686095583708,188.32579137913024,-0.16313904416293212,0.025791379130225778,26.46511108865425,188.4039659716503,0.10396597165029675,-0.0726936443194468,2.7708999996320927,25.58807504520974,191.74846452997141,3.448464529971403,-0.9497296877639556,6.039700000201265,25.609948770973848,191.6622118650228,3.3622118650228003,-0.9278559619998497,7.298100000298291,25.6,191.7014233174493,3.401423317449286,-0.9378047329736958,2.211800000168296,2.5,1327.2725039344682,1138.9725039344683,-24.037804732973697,4.137100000207283,48.19788705924356,144.8011356649035,-43.4988643350965,21.660082326269865,5.04529999989245,26.376450749998796,188.73176914534153,0.43176914534151933,-0.16135398297490156,141.74300000013318,28.0,183.06389606301198,-5.23610393698803,1.4621952670263028,0.7602999999107851
-365.csv,188.4,8,26.504604776281795,26.456418991088867,188.25866547751193,188.43600423994258,-0.14133452248807998,0.03600423994257085,26.433218895415905,188.52162275305992,0.12162275305990988,-0.07138588086588982,3.094099999998434,25.61562607588897,191.6398496106633,3.239849610663299,-0.8889787003928262,4.799699999693985,25.63679273161228,191.55656556056607,3.156565560566065,-0.8678120446695132,4.897899999832589,25.6,191.7014233174493,3.3014233174492915,-0.9046047762817935,1.9253000000389875,2.5,1327.2725039344682,1138.872503934468,-24.004604776281795,6.077000000004773,48.187851131812835,144.81210167685833,-43.58789832314167,21.68324635553104,4.956200000378885,26.344665398278835,188.8498362580094,0.449836258009384,-0.1599393780029601,139.26209999999628,28.5,181.45069096037784,-6.949309039622165,1.995395223718205,1.130000000102882
-358.csv,189.1,9,26.297991099819416,26.351011276245117,189.02373554732787,188.82624122598807,-0.07626445267212034,-0.27375877401192383,26.264615963626113,189.1484708962932,0.04847089629319612,-0.033375136193303234,4.760499999974854,25.702420942595413,191.29922824993022,2.199228249930229,-0.5955701572240031,7.281000000148197,25.7168142155713,191.24296922689962,2.1429692268996234,-0.5811768842481158,7.175499999902968,25.6,191.7014233174493,2.601423317449303,-0.697991099819415,2.31789999998,2.5,1327.2725039344682,1138.1725039344683,-23.797991099819416,4.904400000214082,47.38050591708054,145.70964423794203,-43.390355762057965,21.082514817261124,5.548200000248471,26.176627300431385,189.47887085879714,0.3788708587971428,-0.12136379938803188,169.77810000025784,26.333333333333332,188.89199958127543,-0.20800041872456632,0.035342233513915744,1.1653999999907683
-353.csv,189.6,8,26.16240642271091,26.132705450057983,189.5324832284944,189.64464694424083,-0.06751677150558066,0.04464694424083859,26.096766582795397,189.78071549182042,0.1807154918204219,-0.06563983991551225,3.0335999999806518,25.794922418646017,190.9387833236039,1.3387833236039057,-0.3674840040648917,7.590199999867764,25.806850046563532,190.89249733693276,1.2924973369327688,-0.35555637614737634,7.0604000002276734,25.6,191.7014233174493,2.101423317449303,-0.5624064227109073,2.7657999999064486,2.5,1327.2725039344682,1137.6725039344683,-23.66240642271091,8.526999999958207,48.04140439920826,144.97264697585183,-44.627353024148164,21.878997976497352,7.870800000091549,26.00934022908419,190.1133212591966,0.5133212591966014,-0.15306619362671725,147.46650000006412,26.0625,189.91080869753608,0.3108086975360891,-0.09990642271090877,1.318399999945541
-349.csv,190.0,8,26.05427699815797,26.017027616500854,189.94207923253978,190.08398393889382,-0.05792076746021735,0.08398393889382305,25.970002934774048,190.26372089928438,0.2637208992843796,-0.08427406338392274,2.9165000000830332,25.838426589728428,190.77017263727473,0.770172637274726,-0.21585040842954228,4.672199999731674,25.8487137370115,190.73038692814896,0.7303869281489597,-0.2055632611464695,7.240200000069308,25.6,191.7014233174493,1.7014233174492972,-0.45427699815796885,2.9591000002255896,2.5,1327.2725039344682,1137.2725039344682,-23.55427699815797,5.368999999973312,48.01777746759174,144.99864117232727,-45.00135882767273,21.96350046943377,5.857299999661336,25.883001249900435,190.598012153636,0.5980121536360059,-0.17127574825753555,130.82529999974213,26.0,190.14899009563246,0.14899009563245613,-0.05427699815797027,1.4224999999896681
-342.csv,190.7,9,25.856420061407,25.851531770494248,190.70060373128584,190.71949376872053,0.0006037312858495625,0.019493768720536764,25.78170671915705,190.9901187360636,0.2901187360636186,-0.07471334224995019,3.7489999999706924,25.97530952558064,190.2434049395765,-0.4565950604234956,0.1188894641736411,8.280099999865342,25.98305849640758,190.21375366697484,-0.4862463330251501,0.12663843500057936,10.625200000049517,25.6,191.7014233174493,1.0014233174493086,-0.2564200614069989,2.5385999997524777,2.5,1327.2725039344682,1136.5725039344682,-23.356420061407,5.613199999970675,48.037623212743554,144.9768052764192,-45.723194723580775,22.181203151336554,5.014699999719596,25.695335842375957,191.32694539394322,0.626945393943231,-0.16108421903104286,154.65590000030716,26.0,190.14899009563246,-0.5510099043675325,0.14357993859299967,1.3920999999754713
-341.csv,190.8,8,25.8270676480725,25.82120180130005,190.81414105335034,190.83686212587767,0.014141053350329003,0.036862125877661356,25.756954920629894,191.08640972672802,0.28640972672801013,-0.07011272744260566,4.057600000123784,25.995565934583045,190.16593222321802,-0.6340677767819898,0.16849828651054466,7.932100000289211,26.00272004344587,190.13859999116002,-0.6614000088399905,0.17565239537336907,7.159499999943364,25.6,191.7014233174493,0.9014233174492858,-0.22706764807249868,2.291100000093138,2.5,1327.2725039344682,1136.4725039344683,-23.3270676480725,4.334100000050967,48.04133688372947,144.97272121914355,-45.82727878085646,22.21426923565697,4.192900000361988,25.67066696444688,191.42357252881342,0.623572528813412,-0.15640068362561976,132.75720000001456,26.0,190.14899009563246,-0.6510099043675552,0.1729323519274999,0.7073000001582841
-334.csv,191.5,9,25.62877278198451,25.61129993862576,191.58810500871965,191.6568888539084,0.08810500871965132,0.15688885390841278,25.596752767976326,191.71422847661628,0.21422847661628452,-0.03202001400818233,2.7816000001621433,27.097069753320444,186.13070195057082,-5.369298049429176,1.4682969713359348,9.509699999853183,27.173279166304148,185.8638379661052,-5.636162033894806,1.5445063843196394,8.803700000044046,25.6,191.7014233174493,0.2014233174492972,-0.02877278198450739,3.2917999997152947,2.5,1327.2725039344682,1135.7725039344682,-23.12877278198451,7.965599999806727,45.33434566003082,148.12913530589537,-43.370864694104625,19.70557287804631,7.386100000076112,25.511001502421966,192.05358324359963,0.5535832435996326,-0.11777127956254319,180.30199999975594,26.0,190.14899009563246,-1.3510099043675439,0.3712272180154912,1.4093999998294748
-325.csv,192.4,8,25.413092844665627,25.413069486618042,192.44390482879015,192.4439983135625,0.04390482879014712,0.04399831356249706,25.374774152310877,192.5975018256074,0.1975018256073895,-0.03831869235474983,3.8515999999617634,24.518534656772438,196.1574127168009,3.7574127168009,-0.894558187893189,8.860200000071927,24.483358072865865,196.30909588105928,3.9090958810592724,-0.9297347717997617,8.689299999787181,25.6,191.7014233174493,-0.6985766825507085,0.1869071553343744,3.80280000035782,2.5,1327.2725039344682,1134.872503934468,-22.913092844665627,7.557099999758066,45.33776010741745,148.12491399703794,-44.27508600296207,19.924667262751825,8.915599999909318,25.289766533710175,192.9399413303055,0.5399413303054814,-0.1233263109554521,194.93390000025101,25.125,193.61040520515894,1.210405205158935,-0.288092844665627,1.4089000001149543
-318.csv,193.1,8,25.244593955970736,25.25092363357544,193.12286857011512,193.0971962139212,0.02286857011512211,-0.0028037860788003854,25.184281970932478,193.36814623002752,0.2681462300275257,-0.06031198503825763,3.5340999997970357,24.604198168670795,195.78987814439228,2.6898781443922815,-0.6403957872999406,8.306199999879027,24.58245908146974,195.88290106967875,2.7829010696787577,-0.6621348745009961,8.389699999952427,25.6,191.7014233174493,-1.3985766825506971,0.3554060440292659,3.4366999998383108,2.5,1327.2725039344682,1134.1725039344683,-22.744593955970736,7.97580000016751,45.28661993975969,148.18820635152662,-44.91179364847338,20.042025983788953,8.256800000253861,25.09991251709351,193.71327796752405,0.6132779675240556,-0.14468143887722462,189.41640000002735,25.0,194.1250644410752,1.0250644410752159,-0.24459395597073552,1.0938000000351167
-317.csv,193.2,9,25.21897071286719,25.2204532623291,193.22692740010353,193.22090072624945,0.02692740010354555,0.02090072624946515,25.15857686841578,193.47304856547788,0.27304856547789313,-0.06039384445141138,3.7819000003764813,24.61153905742131,195.75850388080633,2.5585038808063416,-0.607431655445879,9.941699999671982,24.590510682074353,195.84842819919746,2.6484281991974683,-0.6284600307928372,10.02089999974487,25.6,191.7014233174493,-1.4985766825506914,0.3810292871328116,4.028000000289467,2.5,1327.2725039344682,1134.0725039344682,-22.71897071286719,8.784499999819673,43.65721484835725,150.28329913900663,-42.91670086099336,18.43824413549006,9.317900000041845,25.074293528823098,193.8185468379594,0.6185468379593999,-0.1446771840440917,217.5652999999329,25.0,194.1250644410752,0.9250644410752216,-0.21897071286718983,1.1506000000736094
-314.csv,193.5,8,25.14782671382945,25.139474153518677,193.51698471764846,193.5511482924464,0.016984717648455216,0.05114829244641328,25.09405854020417,193.73731274105182,0.23731274105182365,-0.0537681736252793,3.10300000001007,24.648236829161938,195.60194693964954,2.1019469396495367,-0.4995898846675111,6.478599999809376,24.631023978172742,195.67531969552653,2.1753196955265253,-0.5168027356567073,4.9760000001697335,25.6,191.7014233174493,-1.7985766825507028,0.4521732861705523,3.05819999994128,2.5,1327.2725039344682,1133.7725039344682,-22.64782671382945,6.251099999644794,43.131955038303985,150.99280236129687,-42.50719763870313,17.984128324474536,5.140000000210421,25.009991342414544,194.08373443251017,0.5837344325101697,-0.13783537141490498,192.9479000000356,25.0,194.1250644410752,0.6250644410752102,-0.14782671382944912,1.0996000000886852
-311.csv,193.8,8,25.07523178941906,25.023083448410034,193.81468763915709,194.02962880818197,0.014687639157074273,0.22962880818195686,25.102671941935405,193.70195251364387,-0.09804748635613691,0.027440152516344796,3.1883000001471373,24.748424460282983,195.17694627840115,1.3769462784011353,-0.32680732913607713,9.675000000243017,24.74198199509258,195.20416989864543,1.4041698986454207,-0.3332497943264805,11.016599999948085,25.6,191.7014233174493,-2.098576682550714,0.524768210580941,3.7460999997165345,2.5,1327.2725039344682,1133.4725039344683,-22.57523178941906,8.395699999709905,42.601982937251414,151.72660699246507,-42.073393007534946,17.526751147832353,8.648900000025606,24.915315490610368,194.4767264558533,0.6767264558532986,-0.1599162988086924,176.7598999999791,25.0,194.1250644410752,0.32506444107519883,-0.07523178941906039,1.7213000000992906
-309.csv,194.0,8,25.00652958537613,24.995640993118286,194.09805046165664,194.1431063882751,0.09805046165664066,0.14310638827510047,24.98416771403003,194.19062502636893,0.1906250263689344,-0.02236187134609935,3.2565000001341105,24.732031404572833,195.2462460666699,1.2462460666698973,-0.27449818080329536,10.253800000100455,24.725313346775195,195.2746729735033,1.2746729735033,-0.28121623860093337,10.524999999688589,25.6,191.7014233174493,-2.298576682550703,0.593470414623873,2.4429000000054657,2.5,1327.2725039344682,1133.2725039344682,-22.50652958537613,5.27379999994082,42.574165086328776,151.7656343206866,-42.23436567931341,17.567635500952647,5.606199999874661,24.90046865971167,194.5386309423739,0.5386309423739135,-0.10606092566445824,169.4084999999177,25.0,194.1250644410752,0.1250644410752102,-0.006529585376128466,1.4994000002843677
-305.csv,194.4,8,24.90928039301769,24.903993606567383,194.50188097065637,194.52392671340203,0.10188097065636725,0.1239267134020281,24.86948493133849,194.66806171712796,0.26806171712794935,-0.039795461679197786,3.1483000002481276,24.148348635834857,197.77627246983772,3.3762724698377156,-0.7609317571828313,7.336599999689497,24.164965488765443,197.70252030961655,3.30252030961654,-0.7443149042522457,7.434399999965535,25.6,191.7014233174493,-2.6985766825507085,0.6907196069823129,3.324799999973038,2.5,1327.2725039344682,1132.872503934468,-22.40928039301769,6.722100000388309,42.756971622433525,151.5101044419345,-42.88989555806552,17.847691229415837,7.118200000149955,24.786170073947076,195.01773645978517,0.6177364597851636,-0.1231103190706122,206.1094000000594,25.0,194.1250644410752,-0.2749355589247955,0.09071960698231152,1.0918000002675399
-304.csv,194.5,9,24.8864384055126,24.8771235148112,194.59719990940815,194.63612191887216,0.09719990940814682,0.1361219188721634,24.843556026414973,194.77662965817973,0.2766296581797292,-0.04288237909762671,2.5278999996771745,24.19395899581965,197.5740832324062,3.0740832324061955,-0.6924794096929503,6.301500000063243,24.20872304999837,197.5088012264002,3.008801226400209,-0.6777153555142306,5.5793999999878,25.6,191.7014233174493,-2.798576682550703,0.7135615944874019,4.52499999983047,2.5,1327.2725039344682,1132.7725039344682,-22.3864384055126,6.149199999981647,42.7483675551766,151.5220817701396,-42.97791822986039,17.861929149664,7.255999999870255,24.760328033026653,195.12668392986507,0.6266839298650666,-0.1261103724859467,219.54959999993662,25.0,194.1250644410752,-0.3749355589247898,0.11356159448740044,0.8858000001055188
-299.csv,195.0,9,24.772417223146803,24.77062776353624,195.07568824772468,195.08323350176587,0.07568824772468474,0.08323350176587496,24.708230462293898,195.3470288151464,0.3470288151463876,-0.06418676085290542,3.1107999998312152,24.312529547069087,197.0520856678704,2.0520856678703865,-0.45988767607771663,7.599399999890011,24.321391343607598,197.01328087877224,2.0132808787722354,-0.4510258795392055,8.42400000010457,25.6,191.7014233174493,-3.298576682550703,0.8275827768531983,3.1355999999505,2.5,1327.2725039344682,1132.2725039344682,-22.272417223146803,7.596499999635853,42.70770089444152,151.57875802803818,-43.42124197196182,17.93528367129472,8.455899999717076,24.62545582087918,195.69907732872048,0.6990773287204775,-0.14696140226762466,207.16059999995196,24.0,198.43932157293608,3.4393215729360804,-0.7724172231468032,0.8186000000023341
-298.csv,195.1,9,24.74569149060577,24.748267067803276,195.1884930931771,195.17761119206736,0.08849309317710663,0.07761119206736566,24.67948894814235,195.46899623529652,0.36899623529652104,-0.06620254246341872,3.740000000107102,24.329677232211306,196.97702401763735,1.8770240176373534,-0.41601425839446193,8.654199999909906,24.337638727305876,196.94221034723506,1.842210347235067,-0.40805276329989226,9.33149999991656,25.6,191.7014233174493,-3.398576682550697,0.8543085093942331,4.027399999813497,2.5,1327.2725039344682,1132.1725039344683,-22.24569149060577,8.37390000015148,42.702476388600076,151.58604722543149,-43.51395277456851,17.956784897994307,7.0809999997436535,24.5968105932072,195.82147122963607,0.7214712296360801,-0.1488808973985698,220.98520000008648,24.0,198.43932157293608,3.339321572936086,-0.7456914906057683,1.3568999997914943
-290.csv,195.9,9,24.555795090363965,24.51277690463596,195.9972274088581,196.1822100288445,0.09722740885808889,0.28221002884450286,24.464208776900488,196.3918556663753,0.49185566637530087,-0.0915863134634769,4.211899999972957,24.525630981017063,196.12686682454998,0.22686682454997253,-0.03016410934690228,8.864899999935005,24.523783743429643,196.13481646115127,0.23481646115126864,-0.03201134693432195,10.639499999797408,25.341414141414145,192.73160801982146,-3.1683919801785407,0.7856190510501797,4.064600000219798,2.5,1327.2725039344682,1131.372503934468,-22.055795090363965,7.659699999749137,41.793977181394546,152.88161686235722,-43.018383137642786,17.23818209103058,9.12930000004053,24.400275304447128,196.6691244787421,0.7691244787420999,-0.15551978591683735,225.76200000003155,25.0,194.1250644410752,-1.7749355589247955,0.444204909636035,1.380700000026991
-285.csv,196.4,8,24.444578497625308,24.441596508026123,196.47683149272947,196.4897521552895,0.07683149272946821,0.08975215528948866,24.416151264673573,196.60013481758412,0.20013481758411444,-0.028427232951734993,3.417600000375387,24.604121962727973,195.79020394153858,-0.609796058461427,0.15954346510266504,7.403799999792682,24.5977173127183,195.81759258684525,-0.5824074131547547,0.15313881509299065,8.543700000245735,23.272727272727273,201.81479803354827,5.414798033548266,-1.1718512248980346,3.2602000001134,2.5,1327.2725039344682,1130.872503934468,-21.944578497625308,6.334700000024895,42.68224370089752,151.61429277316643,-44.78570722683358,18.237665203272215,7.381999999779509,24.334355113033126,196.95656597278608,0.5565659727860748,-0.11022338459218162,175.5817000002935,24.25,197.32671793339986,0.926717933399857,-0.194578497625308,1.2411000002430228
-283.csv,196.6,9,24.38526068567253,24.39865557352702,196.73445547616402,196.67616823814532,0.1344554761640211,0.07616823814532836,24.364501259894112,196.82491836776836,0.2249183677683675,-0.020759425778418716,3.607099999953789,24.657534885426383,195.56235583573465,-1.0376441642653447,0.27227419975385203,8.739400000195019,24.647524063480084,195.60498315186757,-0.9950168481324226,0.26226337780755316,9.528000000045722,23.272727272727273,201.81479803354827,5.214798033548277,-1.1125334129452575,3.503199999613571,2.5,1327.2725039344682,1130.6725039344683,-21.88526068567253,6.792299999688112,42.68980107269374,151.6037392461829,-44.9962607538171,18.30454038702121,9.343299999727606,24.282878140095477,197.18213590494707,0.58213590494708,-0.10238254557705417,230.37739999972473,24.0,198.43932157293608,1.8393215729360861,-0.3852606856725309,1.4295999999376363
-281.csv,196.8,8,24.35550586170328,24.360344648361206,196.8641662792918,196.84305044533502,0.06416627929178276,0.043050445335012455,24.33519047187336,196.95291349452458,0.1529134945245687,-0.020315389829917763,6.256499999835796,24.679655041381352,195.4682905699534,-1.331709430046601,0.32414917967807355,11.015799999768205,24.667839245221458,195.51851545995652,-1.2814845400434933,0.31233338351817963,11.05089999964548,23.272727272727273,201.81479803354827,5.01479803354826,-1.082778588976005,3.547199999957229,2.5,1327.2725039344682,1130.4725039344683,-21.85550586170328,6.444999999985157,42.690834832504436,151.6022959413423,-45.197704058657706,18.335328970801157,7.967699999881006,24.25366554566943,197.3105788391472,0.5105788391472004,-0.10184031603384724,177.47629999985293,24.0,198.43932157293608,1.639321572936069,-0.35550586170327847,1.1954000001423992
-278.csv,197.1,8,24.29643603512675,24.278552055358887,197.122631167049,197.20113708690866,0.022631167049013357,0.10113708690866474,24.273342198860295,197.2240291756107,0.12402917561070126,-0.02309383626645456,1.9758999997065985,24.736741735990456,195.22632408094034,-1.8736759190596501,0.440305700863707,4.329500000039843,24.718917777745553,195.30174994028926,-1.798250059710739,0.4224817426188032,5.113499999879423,23.272727272727273,201.81479803354827,4.714798033548277,-1.023708762399476,3.27179999976579,2.5,1327.2725039344682,1130.1725039344683,-21.79643603512675,3.9229999997587583,42.68624349059726,151.60870677737358,-45.49129322262641,18.389807455470514,4.60670000029495,24.19202446955088,197.58264312465914,0.48264312465914827,-0.1044115655758695,203.26150000028065,24.25,197.32671793339986,0.22671793339986834,-0.04643603512674943,1.292500000090513
-275.csv,197.4,9,24.228186222570105,24.166435453626846,197.42286526027104,197.69600100773,0.02286526027103264,0.29600100772998417,24.156849855426053,197.7385277613655,0.3385277613654978,-0.07133636714405256,3.9689000000180386,24.749953037163593,195.17048916533844,-2.2295108346615677,0.5217668145934873,10.388400000010733,24.718365541745225,195.30408861616544,-2.0959113838345615,0.4901793191751196,10.899700000209123,23.272727272727273,201.81479803354827,4.414798033548266,-0.9554589498428321,3.896500000337255,2.5,1327.2725039344682,1129.872503934468,-21.728186222570105,7.867799999985436,41.759191941633595,152.93235623019697,-44.46764376980303,17.53100571906349,8.586800000102812,24.093728558146907,198.01942947456456,0.619429474564555,-0.1344576644231985,247.33249999962936,24.333333333333332,196.96103389554392,-0.4389661044560853,0.10514711076322669,1.4572999998563319
-273.csv,197.6,8,24.165456781526142,24.204881191253662,197.7003413335885,197.52578089557906,0.10034133358851705,-0.07421910442093349,24.118716862326547,197.90804736365496,0.3080473636549641,-0.04673991919959519,3.475199999684264,24.950391173103718,194.33077535629508,-3.2692246437049164,0.7849343915775755,8.382399999845802,24.916210697858375,194.4729962566773,-3.127003743322689,0.7507539163322328,9.41419999981008,23.272727272727273,201.81479803354827,4.214798033548277,-0.8927295087988689,3.5717000000659027,2.5,1327.2725039344682,1129.6725039344683,-21.665456781526142,6.33060000018304,42.63608848202372,151.6788285769144,-45.92117142308558,18.47063170049758,8.208599999761645,24.03791714084472,198.26905504869632,0.6690550486963218,-0.1275396406814231,179.0776000002552,24.125,197.88007814415698,0.2800781441569882,-0.040456781526142294,1.2221000001773064
-269.csv,198.0,9,24.086358434874764,24.100019454956055,198.05232588082225,197.9913664192768,0.0523258808222522,-0.008633580723198975,24.031037525764088,198.29990716530088,0.2999071653008798,-0.05532090911067655,3.7115000000085274,25.113071045249722,193.659294480063,-4.340705519936989,1.0267126103749575,8.956299999681505,25.069186274643705,193.839558864152,-4.160441135848004,0.982827839768941,10.252300000047398,23.272727272727273,201.81479803354827,3.8147980335482714,-0.813631162147491,3.9289999999709835,2.5,1327.2725039344682,1129.2725039344682,-21.586358434874764,6.9693000000370375,42.6291652490276,151.6885210698345,-46.31147893016549,18.542806814152836,8.688200000051438,23.950531537403073,198.66228644966182,0.6622864496618206,-0.1358268974716914,222.4727999996503,24.0,198.43932157293608,0.43932157293608043,-0.08635843487476436,1.3818000002174813
-265.csv,198.4,9,24.019955258200525,24.002810584174263,198.34964430337618,198.42668183355656,-0.050355696623825,0.026681833556551737,23.957154122004642,198.63238256470973,0.23238256470972374,-0.06280113619588334,3.695800000059535,25.243291146434697,193.12815422660742,-5.2718457733925845,1.2233358882341712,9.602099999938218,25.191763349889438,193.33765578856378,-5.062344211436226,1.1718080916889129,10.719299999891518,23.272727272727273,201.81479803354827,3.4147980335482657,-0.747227985473252,3.678600000057486,2.5,1327.2725039344682,1128.872503934468,-21.519955258200525,7.215699999960634,42.61226579695367,151.71219360081287,-46.68780639918714,18.592310538753146,10.874300000068615,23.87689564923411,198.9959257479851,0.5959257479850919,-0.14305960896641423,189.34300000000803,24.88888888888889,194.58696556996438,-3.8130344300356285,0.8689336306883639,1.3634000001729873
-264.csv,198.5,9,23.976673873827785,23.96111297607422,198.544340380216,198.61451465326653,0.044340380215999176,0.1145146532665251,23.927743687213123,198.76531271994017,0.2653127199401695,-0.048930186614661864,3.8213000002542685,22.504032444979757,205.62492376226038,7.12492376226038,-1.4726414288480285,8.685099999638624,22.53379225819775,205.47247209743023,6.972472097430227,-1.4428816156300357,10.08239999964644,23.272727272727273,201.81479803354827,3.3147980335482714,-0.7039466011005118,3.858900000068388,2.5,1327.2725039344682,1128.7725039344682,-21.476673873827785,7.231399999909627,42.59687047780509,151.73377570056562,-46.766224299434384,18.620196603977305,9.087999999792373,23.84758374186233,199.1293212934779,0.6293212934778865,-0.12909013196545516,223.1403999999202,24.0,198.43932157293608,-0.06067842706391957,0.023326126172214856,1.4455999998972402
-258.csv,199.1,9,23.856599718904764,23.84428490532769,199.08825485559,199.1443549261488,-0.011745144409985642,0.04435492614879877,23.81034758819634,199.29926277095691,0.19926277095692058,-0.04625213070842449,2.276400000027934,23.129872735618605,202.503303479267,3.4033034792670094,-0.7267269832861594,10.04270000021279,23.15078009113806,202.40199568622515,3.3019956862251547,-0.7058196277667044,9.013099999719998,23.272727272727273,201.81479803354827,2.714798033548277,-0.5838724461774909,3.664599999865459,2.5,1327.2725039344682,1128.1725039344683,-21.356599718904764,4.204700000173034,42.56856238561958,151.77350092727033,-47.32649907272966,18.711962666714815,8.805199999642355,23.730580929609417,199.665140945379,0.5651409453789995,-0.1260187892953475,187.18659999967713,24.0,198.43932157293608,-0.6606784270639139,0.14340028109523573,1.3036999998803367
-256.csv,199.3,8,23.82915980669199,23.834158182144165,199.21333822951578,199.19053150228908,-0.08666177048422696,-0.10946849771093525,23.809029158958975,199.30528987538804,0.005289875388029941,-0.02013064773301565,2.3432000002685527,23.56959953592958,200.4112403472187,1.1112403472186827,-0.2595602707624103,5.914799999573006,23.580293029276056,200.3613567666917,1.0613567666916879,-0.24886677741593388,9.238999999979569,23.272727272727273,201.81479803354827,2.51479803354826,-0.5564325339647169,3.3329999996567494,2.5,1327.2725039344682,1127.9725039344683,-21.32915980669199,5.517000000054395,43.31984025604626,150.73701443454667,-48.562985565453346,19.490680449354272,12.197200000173325,23.74942872825696,199.5784624227837,0.27846242278369004,-0.07973107843503158,175.24589999993623,24.0,198.43932157293608,-0.8606784270639309,0.1708401933080097,1.2599000001500826
-252.csv,199.7,9,23.730542287862114,23.71659278869629,199.66531879803006,199.7295614746441,-0.03468120196993141,0.02956147464411174,23.681887686005027,199.88972673850859,0.18972673850859678,-0.0486546018570877,2.2801000000072236,23.537981542656823,200.55900437288392,0.8590043728839305,-0.19256074520529154,8.414299999913055,23.543560966791098,200.53289995899036,0.8328999589903674,-0.18698132107101628,9.813099999973929,23.272727272727273,201.81479803354827,2.1147980335482828,-0.457815015134841,3.02560000000085,2.5,1327.2725039344682,1127.5725039344682,-21.230542287862114,3.9926999997987878,42.52616289269695,151.83310092846338,-47.86689907153661,18.795620604834838,9.228299999904266,23.60255137884924,200.25767283198988,0.5576728319898905,-0.12799090901287613,160.7904000002236,24.0,198.43932157293608,-1.2606784270639082,0.2694577121378856,0.8665000000291911
-236.csv,201.3,8,23.36707059435337,23.391425848007202,201.36481209981145,201.2492477045148,0.06481209981143365,-0.05075229548521065,23.31160619394519,201.62890805124036,0.3289080512403473,-0.05546440040817657,3.8298999998005456,23.80216258306143,199.33669095236178,-1.9633090476382336,0.43509198870806287,7.3320999999850756,23.790742236515626,199.3889575521216,-1.9110424478784012,0.42367164216225817,8.97690000010698,23.272727272727273,201.81479803354827,0.51479803354826,-0.09434332162609493,3.283000000010361,2.5,1327.2725039344682,1125.9725039344683,-20.86707059435337,6.13629999998011,42.39693383244192,152.01549915670643,-49.284500843293586,19.02986323808855,7.526599999891914,23.23351036079965,202.00294776325345,0.7029477632534338,-0.1335602335537196,200.95050000008996,24.0,198.43932157293608,-2.860678427063931,0.6329294056466317,2.8558000003613415
-232.csv,201.7,8,23.29796568874322,23.324881553649902,201.69405461118558,201.5655801325315,-0.005945388814410535,-0.13441986746849466,23.25189189779533,201.914678539466,0.21467853946600712,-0.0460737909478901,3.4227999999529857,23.92584893977846,198.7738880930039,-2.926111906996084,0.627883251035243,7.836499999939406,23.91153741251055,198.83870495819255,-2.8612950418074377,0.6135717237673326,8.308299999953306,23.272727272727273,201.81479803354827,0.11479803354828277,-0.02523841601594512,3.1469999998989806,2.5,1327.2725039344682,1125.5725039344682,-20.79796568874322,6.059699999696022,42.390285956560376,152.02491261635416,-49.67508738364583,19.092320267817158,7.43030000012368,23.173996112543087,202.28971989478936,0.5897198947893685,-0.12396957620013183,163.79349999988335,23.375,201.32716048766164,-0.372839512338345,0.0770343112567815,1.220999999986816
-227.csv,202.2,9,23.192619161100957,23.190392388237846,202.1998222836623,202.21056365067207,-0.0001777163377028046,0.010563650672082758,23.141098596268286,202.44888468097156,0.24888468097157102,-0.05152056483267131,4.12400000004709,24.07587684792976,198.09914565019832,-4.100854349801665,0.8832576868288022,7.815700000264769,24.056666042347043,198.1850657043323,-4.0149342956677,0.864046881246086,9.38079999968977,23.272727272727273,201.81479803354827,-0.3852019664517172,0.08010811162631626,3.752100000383507,2.5,1327.2725039344682,1125.0725039344682,-20.692619161100957,6.943600000340666,42.365759395367924,152.05966832764608,-50.14033167235391,19.173140234266967,9.257700000034674,23.063573977855327,202.82579875056103,0.6257987505610458,-0.12904518324562986,233.42649999995047,22.11111111111111,207.67709787792649,5.4770978779264965,-1.0815080499898464,1.0842000001503038
-224.csv,202.5,9,23.14015301948133,23.13062795003255,202.45346640557523,202.4996407878187,-0.04653359442477267,-0.0003592121813085214,23.07868108838262,202.75214713380598,0.25214713380597686,-0.06147193109870841,2.0940999997947074,24.164714183226113,197.7036349320222,-4.796365067977803,1.0245611637447851,4.72219999983281,24.143480657583993,197.79789810259413,-4.702101897405868,1.0033276381026646,5.525199999738106,23.272727272727273,201.81479803354827,-0.6852019664517286,0.13257425324594507,3.6064999999325664,2.5,1327.2725039344682,1124.7725039344682,-20.64015301948133,4.892999999810854,42.35020774320504,152.0817271141945,-50.41827288580549,19.21005472372371,4.792499999894062,23.001365573848673,203.1301244882479,0.6301244882479011,-0.138787445632655,183.745700000145,22.77777777777778,204.23794703941948,1.7379470394194811,-0.36237524170354973,1.3862999999219028
-217.csv,203.2,9,23.0115117109038,23.04155710008409,203.0803745047193,202.93331418450109,-0.11962549528070099,-0.2666858154989029,22.927638489248906,203.49298470521154,0.29298470521155195,-0.08387322165489408,3.8414999999076826,24.36092227964953,196.84053030957628,-6.359469690423708,1.3494105687457285,8.313799999996263,24.33432248741973,196.95670862846288,-6.2432913715371114,1.3228107765159294,9.743599999637809,23.272727272727273,201.81479803354827,-1.3852019664517172,0.26121556182347305,3.8635000000795117,2.5,1327.2725039344682,1124.0725039344682,-20.5115117109038,7.091899999977613,42.304084879237855,152.14724522764456,-51.05275477235543,19.292573168334055,8.922199999688019,22.850828980072194,203.8735600598015,0.6735600598015026,-0.16068273083160634,221.26200000002427,22.555555555555557,205.3612447442957,2.161244744295715,-0.4559561553482432,1.2396000001899665
-214.csv,203.5,8,22.950470920530297,22.944342613220215,203.38035647829648,203.41056381854628,-0.11964352170352299,-0.08943618145372056,22.87843936171889,203.73645571400186,0.23645571400186327,-0.07203155881140688,3.5247000000708795,22.512364986581552,205.58219682814808,2.082196828148085,-0.4381059339487443,7.659400000193273,22.85810085063886,203.8374174438044,0.3374174438044122,-0.09237006989143737,8.82739999997284,23.272727272727273,201.81479803354827,-1.6852019664517286,0.3222563521969768,3.393599999981234,2.5,1327.2725039344682,1123.7725039344682,-20.450470920530297,5.924900000081834,42.299175227431114,152.1542279622172,-51.34577203778281,19.348704306900817,7.428899999922578,22.80179467373993,204.1178850407704,0.6178850407704033,-0.14867624679036595,150.67320000025575,22.75,204.37713297043544,0.87713297043544,-0.20047092053029658,0.780400000166992
-210.csv,203.9,9,22.862662390712757,22.892831802368164,203.8147576886131,203.6651214148861,-0.08524231138690652,-0.23487858511390414,22.804467878174776,204.1045375017152,0.20453750171520824,-0.05819451253798036,2.2582000001420965,21.983895756607833,208.35760161659056,4.457601616590551,-0.8787666341049238,5.165399999896181,22.00693544705148,208.23376051929935,4.3337605192993465,-0.8557269436612778,9.023200000228826,23.272727272727273,201.81479803354827,-2.0852019664517343,0.41006488201451674,2.3421000000780623,2.5,1327.2725039344682,1123.372503934468,-20.362662390712757,4.709999999704451,42.291748868098274,152.16479319162556,-51.73520680837444,19.429086477385518,5.039300000134972,22.72807100086096,204.48725802003716,0.5872580200371544,-0.13459138985179564,154.5575000000099,22.88888888888889,203.6846548481758,-0.21534515182420932,0.02622649817613265,0.8761999997659586
-204.csv,204.5,9,22.74412623841577,22.692692014906143,204.4066090857971,204.6653859388043,-0.09339091420289947,0.16538593880429175,22.703400449718256,204.61141069877402,0.11141069877402288,-0.04072578869751453,2.2120999997241597,22.214786539173865,207.12840746153924,2.62840746153924,-0.5293396992419055,5.791400000362046,22.229217784342072,207.05244659465268,2.552446594652679,-0.5149084540736979,6.009100000028411,23.272727272727273,201.81479803354827,-2.6852019664517286,0.5286010343115031,2.1112999997967563,2.5,1327.2725039344682,1122.7725039344682,-20.24412623841577,7.095400000252994,44.79553411383812,148.80342397687204,-55.69657602312796,22.051407875422353,7.341900000028545,22.627342156754377,204.99590956622833,0.4959095662283346,-0.1167840816613932,161.67880000011792,23.11111111111111,202.59437340180006,-1.9056265981999445,0.3669848726953404,0.8159999997587875
-200.csv,204.9,9,22.671388262425957,22.648280673556858,204.77292119943252,204.8897954452327,-0.12707880056748877,-0.010204554767312857,22.62853228721064,204.98987273557265,0.08987273557264075,-0.0428559752153177,2.371300000049814,22.223956800247525,207.08012683465932,2.180126834659319,-0.4474314621784323,8.912300000247342,22.23753996880428,207.00868744072008,2.1086874407200753,-0.43384829362167565,8.257200000116427,23.272727272727273,201.81479803354827,-3.0852019664517343,0.6013390103013165,3.2974999999169086,2.5,1327.2725039344682,1122.372503934468,-20.171388262425957,4.112500000246655,44.21841970482842,149.54407515926317,-55.35592484073683,21.547031442402464,4.799499999990076,22.55272480886153,205.37569964625405,0.4756996462540428,-0.11866345356442665,156.46519999972952,23.444444444444443,200.9985250800962,-3.9014749199038192,0.773056182018486,0.8020000000215077
-197.csv,205.2,8,22.618039161912865,22.59868049621582,205.043120550789,205.14148954727088,-0.15687944921097596,-0.058510452729109375,22.56743638070014,205.30061701414542,0.10061701414542767,-0.050602781212724324,2.09099999983664,22.22958476974014,207.05051623058714,1.8505162305871465,-0.3884543921727257,4.250899999988178,22.24261863443098,206.98199958875,1.7819995887500113,-0.3754205274818858,4.996900000151072,23.272727272727273,201.81479803354827,-3.3852019664517172,0.6546881108144085,4.43909999967218,2.5,1327.2725039344682,1122.0725039344682,-20.118039161912865,5.175400000098307,44.795590095736216,148.80335306723822,-56.39664693276177,22.17755093382335,6.635600000208797,22.491833578754743,205.687534483958,0.4875344839580009,-0.12620558315812147,134.90219999994224,23.0,203.1368237879726,-2.0631762120274004,0.3819608380871351,0.9629999999560823
-196.csv,205.3,9,22.5961030300859,22.585638682047527,205.1545996605621,205.2078572943292,-0.14540033943791286,-0.09214270567082394,22.541757000793883,205.4317406103631,0.1317406103630958,-0.054346029292016595,2.801300000101037,22.23396033608351,207.0275055216992,1.727505521699186,-0.3621426940023902,5.760600000030536,22.246351033268937,206.96239416828848,1.662394168288472,-0.3497519968169627,6.572199999936856,23.272727272727273,201.81479803354827,-3.48520196645174,0.676624242641374,3.669799999897805,2.5,1327.2725039344682,1121.9725039344683,-20.0961030300859,5.725600000005215,44.527642293459266,149.14481435990197,-56.15518564009804,21.931539263373367,8.967999999640597,22.466240226921876,205.81911829748486,0.5191182974848516,-0.12986280316402343,177.66319999964253,23.0,203.1368237879726,-2.163176212027423,0.4038969699141006,0.80870000010691
-184.csv,206.5,9,22.31893052716733,22.31256781684028,206.58248354171192,206.6156875204274,0.08248354171192318,0.11568752042740016,22.284031323865186,206.76484441174966,0.2648444117496638,-0.03489920330214247,2.531299999645853,22.343141672960755,206.45631374315414,-0.04368625684585936,0.024211145793426425,5.099399999835441,22.346920533338032,206.4366464537393,-0.06335354626071421,0.027990006170703907,9.07530000040424,21.333333333333332,211.96743811682953,5.467438116829527,-0.9855971938339962,3.3733999998730724,2.5,1327.2725039344682,1120.7725039344682,-19.81893052716733,5.934799999977258,40.41348212471726,154.96313843201668,-51.53686156798332,18.094551597549934,7.950799999889568,22.209377952595958,207.15690230954482,0.6569023095448188,-0.1095525745713708,166.81040000003122,23.0,203.1368237879726,-3.363176212027412,0.6810694728326716,1.9901999999092368
-176.csv,207.3,9,22.16834372850674,22.167692608303494,207.37355197262877,207.37699632143077,0.07355197262876345,0.07699632143075519,22.129108208558268,207.58147323627185,0.28147323627183596,-0.039235519948473296,3.0778999998801737,22.538059635631047,205.45064518096805,-1.8493548190319586,0.3697159071243057,5.292899999858491,22.532124055918327,205.48100696820305,-1.818993031796964,0.36378032741158606,6.946599999992031,21.333333333333332,211.96743811682953,4.667438116829516,-0.8350103951734091,2.117099999850325,22.0,208.27101147384047,0.9710114738404627,-0.16834372850674129,4.168699999809178,40.09527233902894,155.46351446194055,-51.83648553805946,17.926928610522197,6.949600000098144,22.054973842700452,207.97639928030742,0.6763992803074075,-0.11336988580628926,149.51499999961015,22.333333333333332,206.50739354040087,-0.792606459599142,0.16498960482659086,1.0046000002148503
-169.csv,208.0,8,22.05005875354293,22.05360221862793,208.00267875602225,207.98373172908163,0.0026787560222487627,-0.016268270918374128,21.99745599930952,208.28468156798112,0.2846815679811243,-0.052602754233411986,1.9322999996802537,23.047992887897244,202.9018644771135,-5.098135522886508,0.9979341343543133,4.362900000160153,23.028070111839256,202.99927917842845,-5.000720821571548,0.9780113582963246,7.981200000358513,21.333333333333332,211.96743811682953,3.967438116829527,-0.716725420209599,2.704099999846221,21.5,211.0213439422306,3.021343942230601,-0.5500587535429311,4.664799999773095,40.07202589110245,155.50038415773832,-52.499615842261676,18.021967137559518,5.683100000169361,21.923762679378832,208.6820781093005,0.6820781093005053,-0.12629607416409883,135.70370000024923,22.0,208.27101147384047,0.2710114738404741,-0.0500587535429311,0.9414999999535212
-160.csv,208.9,9,21.844217429638903,21.90180842081706,209.11410916147076,208.80099677762666,0.2141091614707591,-0.0990032223733408,21.824666949994636,209.22078603294085,0.32078603294084473,-0.01955047964426626,3.349699999944278,21.179170677246013,212.85612010647938,3.956120106479375,-0.6650467523928896,5.625199999940378,21.202364884281355,212.72157012683454,3.82157012683453,-0.6418525453575477,6.789799999751267,21.333333333333332,211.96743811682953,3.0674381168295213,-0.5108840963055705,2.1283999999468506,21.5,211.0213439422306,2.1213439422305953,-0.34421742963890267,4.116099999919243,40.10847713432466,155.4425904523659,-53.457409547634114,18.264259704685756,8.244599999670754,21.7515524878506,209.62147228845174,0.7214722884517357,-0.09266494178830342,152.71149999989575,22.0,208.27101147384047,-0.6289885261595316,0.15578257036109733,0.850099999752274
-158.csv,209.1,7,21.81868700545428,21.832642691476003,209.2534545517168,209.17724293329675,0.15345455171680555,0.07724293329675902,21.80523354877739,209.32701796351853,0.22701796351853432,-0.013453456676888464,1.7065000001821318,21.204145046032387,212.71125582700446,3.61125582700447,-0.6145419594218922,5.012399999941408,21.22550793683073,212.58761684551013,3.487616845510132,-0.5931790686235487,4.382300000088435,21.333333333333332,211.96743811682953,2.8674381168295326,-0.48535367212094727,1.8095000000357686,21.5,211.0213439422306,1.9213439422306067,-0.3186870054542794,3.0409000000872766,40.10505724315597,155.44800819350755,-53.65199180649245,18.28637023770169,7.646300000033079,21.73218419015502,209.72807761856643,0.6280776185664365,-0.08650281529925863,169.7481000001062,21.142857142857142,213.06738236204302,3.9673823620430255,-0.6758298625971371,1.072099999873899
-154.csv,209.5,8,21.74773793589243,21.728734731674194,209.64245266067695,209.74708422694326,0.14245266067695184,0.24708422694325805,21.739036867082902,209.69033748824512,0.1903374882451203,-0.008701068809529033,3.4464999998817802,21.25356053093096,212.42564712682602,2.9256471268260213,-0.49417740496146934,7.735799999863957,21.2683367690058,212.34050808365578,2.8405080836557772,-0.4794011668866318,8.929399999942689,21.333333333333332,211.96743811682953,2.467438116829527,-0.41440460255909883,3.149899999698391,21.5,211.0213439422306,1.521343942230601,-0.24773793589243098,5.962100000033388,40.10719848267945,155.44461596397124,-54.055384036028755,18.35946054678702,7.411799999772484,21.666209272888317,210.09267430431603,0.5926743043160343,-0.08152866300411432,209.22380000001795,21.25,212.4461806276308,2.9461806276308096,-0.497737935892431,1.6722999998819432
-147.csv,210.2,9,21.64406453475405,21.703647401597763,210.21556227885205,209.88550199844266,0.015562278852058853,-0.3144980015573253,21.62358078864878,210.32946213435844,0.1294621343584481,-0.020483746105270484,4.07679999989341,21.31063500702994,212.0974582832221,1.8974582832221074,-0.3334295277241104,10.250900000301044,21.321320946532474,212.03621197646595,1.836211976465961,-0.3227435882215772,11.284700000032899,21.333333333333332,211.96743811682953,1.7674381168295383,-0.31073120142071886,3.604800000175601,21.5,211.0213439422306,0.8213439422306124,-0.144064534754051,7.468799999969633,40.28335008228833,155.16680040133687,-55.03319959866312,18.63928554753428,9.494400000221503,21.55113998198664,210.73404605903693,0.5340460590369389,-0.09292455276741052,237.5081999998656,21.555555555555557,210.7093053379756,0.5093053379756043,-0.08850897919849388,1.3493000001290056
-144.csv,210.5,8,21.585776877334883,21.64143705368042,210.54025144298512,210.23016005400618,0.04025144298512373,-0.269839945993823,21.55556425036673,210.7092566306617,0.20925663066171296,-0.03021262696815441,3.2780999999886262,21.367257860635405,211.7736391537004,1.273639153700401,-0.21851901669947793,10.247000000163098,21.37439020351885,211.73297465612566,1.2329746561256627,-0.21138667381603327,9.855499999957829,21.333333333333332,211.96743811682953,1.467438116829527,-0.2524435440015509,3.3479000003353576,21.0,213.90574511640867,3.405745116408667,-0.585776877334883,7.844700000077864,40.02760747985407,155.57095389655896,-54.92904610344104,18.441830602519186,7.704699999976583,21.50146692521187,211.0130834654098,0.5130834654098066,-0.0843099521230144,209.72759999995105,21.75,209.6300102002197,-0.8699897997803134,0.16422312266511696,1.2265000000297732
-142.csv,210.7,8,21.554970039154902,21.573949575424194,210.71258542478293,210.60635402684974,0.01258542478294089,-0.09364597315024525,21.523995268558593,210.88636766137117,0.18636766137117888,-0.030974770596309043,3.218800000013289,21.389085906753944,211.64927574092565,0.9492757409256569,-0.1658841324009579,8.876100000179576,21.389292569808788,211.64809953712475,0.9480995371247616,-0.1656774693461145,9.584999999788124,21.333333333333332,211.96743811682953,1.2674381168295383,-0.22163670582157025,3.0639999999948486,21.0,213.90574511640867,3.2057451164086785,-0.5549700391549024,7.028399999853718,40.0082898375158,155.6016942891584,-55.0983057108416,18.453319798360894,6.9306000000324275,21.45188808172925,211.2929100579272,0.5929100579272131,-0.10308195742565118,217.9737000001296,21.5,211.0213439422306,0.32134394223061236,-0.054970039154902395,1.1465000002317538
-128.csv,212.1,9,21.29949083444104,21.309679879082573,212.16139793759635,212.10293564540225,0.06139793759635381,0.002935645402260434,21.282455534029506,212.25927035563572,0.15927035563572645,-0.01703530041153556,4.0183999999499065,21.682567754441152,210.0020609447418,-2.0979390552581947,0.38307692000011073,8.748100000047998,21.65439417556233,210.1582079256903,-1.9417920743096886,0.35490334112128963,8.883099999820843,21.333333333333332,211.96743811682953,-0.13256188317046735,0.03384249889229096,3.588000000036118,21.0,213.90574511640867,1.8057451164086729,-0.2994908344410412,7.575799999813171,39.964549971926026,155.67140922862413,-56.428590771375866,18.665059137484985,8.538400000361435,21.211157525540294,212.67064258992187,0.5706425899218743,-0.0883333089007472,220.47569999995176,21.0,213.90574511640867,1.8057451164086729,-0.2994908344410412,1.5115000001060253
-123.csv,212.6,9,21.21888011938137,21.217664930555557,212.62594846552514,212.63297910240328,0.025948465525146958,0.03297910240328861,21.19634241970746,212.75647757706116,0.1564775770611675,-0.022537699673911504,4.038199999740755,21.899273199778698,208.81474490304902,-3.7852550969509764,0.6803930803973266,9.996199999932287,21.86083855909053,209.02356971401198,-3.5764302859880104,0.6419584397091604,11.7552000001524,21.333333333333332,211.96743811682953,-0.6325618831704674,0.11445321395196117,3.9880999997876643,21.0,213.90574511640867,1.3057451164086729,-0.21888011938137097,8.639700000003359,39.975078152560876,155.6546147379294,-56.9453852620706,18.756198033179505,10.05459999987579,21.125332897363382,213.16959958660573,0.5695995866057331,-0.09354722201798893,204.6875999999429,21.0,213.90574511640867,1.3057451164086729,-0.21888011938137097,0.9738000003380876
-122.csv,212.7,8,21.20134517179133,21.196887254714966,212.7274791639701,212.75331876546622,0.027479163970099307,0.053318765466229934,21.176677890842992,212.87059875405257,0.17059875405257685,-0.024667280948339254,3.3233999997719366,21.966060194497437,208.45365232896307,-4.246347671036915,0.7647150227061061,5.119299999932991,21.925925812117242,208.67037434314952,-4.02962565685047,0.724580640325911,5.487899999934598,21.333333333333332,211.96743811682953,-0.7325618831704617,0.13198816154200088,4.0869999997994455,21.0,213.90574511640867,1.2057451164086785,-0.20134517179133127,6.019599999945058,39.97597384956224,155.6531863407677,-57.0468136592323,18.774628677770906,5.073799999991024,21.10573424631756,213.28412242563027,0.5841224256302837,-0.09561092547377115,160.2084000001014,21.0625,213.53752904007453,0.8375290400745428,-0.13884517179133127,0.9573000002092158
-119.csv,213.0,9,21.1498414891736,21.134495629204643,213.02669166544797,213.11613261825354,0.02669166544797008,0.1161326182535447,21.118093635093405,213.2118761818633,0.21187618186328905,-0.031747854080194315,3.2863999999790394,22.07547147254371,207.86693373450808,-5.1330662654919195,0.9256299833701114,9.640700000090874,22.02651681021205,208.12871659899446,-4.871283401005542,0.8766753210384515,9.889599999951315,21.333333333333332,211.96743811682953,-1.032561883170473,0.1834918441597324,6.432899999708752,21.0,213.90574511640867,0.9057451164086672,-0.14984148917359974,8.514800000284595,39.97312000200307,155.65773769004517,-57.34226230995483,18.82327851282947,8.77119999995557,21.047346252731288,213.62660111926576,0.6266011192657572,-0.10249523644231218,195.88410000005751,21.0,213.90574511640867,0.9057451164086672,-0.14984148917359974,1.5212999996947474
-109.csv,214.0,9,20.982286640165817,20.998139487372505,214.01051102002504,213.91674063888604,0.010511020025035123,-0.08325936111396004,20.961835523047935,214.1316948736594,0.13169487365939858,-0.020451117117882944,2.234799999769166,20.247368548206605,218.52273872120853,4.522738721208526,-0.7349180919592122,6.674900000234629,20.270022360479963,218.3786421356645,4.378642135664506,-0.7122642796858543,6.424500000321132,21.333333333333332,211.96743811682953,-2.032561883170473,0.3510466931675147,2.1149000003788387,20.5,216.9342629394833,2.9342629394832898,-0.48228664016581746,5.748900000071444,39.91248864605211,155.75458898115872,-58.24541101884128,18.930202005886294,5.095800000162853,20.89161161844811,214.5496582542219,0.549658254221896,-0.0906750217177077,147.70110000017667,21.0,213.90574511640867,-0.09425488359133283,0.01771335983418254,0.7969000002958637
-98.csv,215.1,9,20.803965157830877,20.814031812879776,215.07537160440606,215.0147602391935,-0.024628395593936148,-0.08523976080650186,20.786655860412512,215.17973148463489,0.0797314846348911,-0.017309297418364622,3.2230000001618464,20.449458783128573,217.24883502569006,2.1488350256900617,-0.3545063747023036,4.901500000414671,20.4579742864105,217.19572240997772,2.095722409977725,-0.3459908714203763,5.616500000087399,21.333333333333332,211.96743811682953,-3.1325618831704674,0.5293681755024551,2.076799999940704,20.5,216.9342629394833,1.8342629394832954,-0.3039651578308771,5.923299999722076,39.887174938571334,155.79511278173808,-59.30488721826191,19.083209780740457,5.087300000013784,20.717018822354177,215.60138608906024,0.5013860890602473,-0.08694633547669994,158.68529999988823,21.0,213.90574511640867,-1.1942548835913271,0.19603484216912292,1.2886999998045212
-92.csv,215.7,9,20.709809871076573,20.71603626675076,215.64520239029733,215.60735626424307,-0.054797609702660566,-0.09264373575692275,20.684840690470487,215.7972078588191,0.09720785881910388,-0.024969180606085217,2.2263000000748434,20.475645610761507,217.08564779612442,1.385647796124431,-0.23416426031506532,5.010600000332488,20.48102225663779,217.05219529293183,1.3521952929318388,-0.22878761443878304,6.379099999776372,21.333333333333332,211.96743811682953,-3.7325618831704617,0.6235234622567596,2.258199999687349,20.5,216.9342629394833,1.2342629394833011,-0.20980987107657256,4.495099999985541,39.89378394113071,155.78452764634753,-59.91547235365246,19.183974070054134,4.774300000008225,20.615544741758697,216.2210379154602,0.5210379154601981,-0.09426512931787556,154.0052000000287,21.11111111111111,213.25268156719324,-2.447318432806753,0.40130124003453815,0.8158000000548782
-85.csv,216.4,8,20.59777143732636,20.617874145507812,216.33021416558998,216.20674335224984,-0.06978583441002684,-0.19325664775016094,20.581012401864566,216.43333696045593,0.0333369604559266,-0.01675903546179569,2.003800000238698,20.48881265919398,217.00375674457015,0.6037567445701484,-0.10895877813238286,4.447799999979907,20.49107100179951,216.98972205386065,0.5897220538606405,-0.10670043552685016,7.410100000015518,21.333333333333332,211.96743811682953,-4.432561883170479,0.7355618960069705,2.8819999997722334,20.5,216.9342629394833,0.5342629394832841,-0.09777143732636162,5.675200000041514,39.395970235258396,156.59190315647822,-59.80809684352178,18.798198797932034,5.787099999906786,20.51206428661544,216.85940871072293,0.45940871072292566,-0.08570715071092039,139.4307000000481,21.0,213.90574511640867,-2.4942548835913385,0.4022285626736384,0.7266000002346118
-82.csv,216.7,9,20.54081010847753,20.559462865193684,216.68141494944337,216.5661900331189,-0.018585050556623628,-0.13380996688110258,20.525915686840296,216.77357727303487,0.07357727303488559,-0.014894421637233535,2.2967999998400046,20.612492634287715,216.2397724128937,-0.46022758710628864,0.07168252581018564,7.03350000003411,20.607640266304923,216.26956900002077,-0.4304309999792224,0.06683015782739332,9.812400000100752,21.333333333333332,211.96743811682953,-4.732561883170462,0.7925232248558025,3.1482999997933803,20.5,216.9342629394833,0.23426293948330112,-0.04081010847752964,7.810999999946944,37.91079041380501,159.12825906054948,-57.57174093945051,17.36998030532748,7.871900000282039,20.45715215020097,217.2008482354627,0.500848235462712,-0.08365795827656086,166.19390000005296,21.0,213.90574511640867,-2.7942548835913215,0.45918989152247036,0.9592999999767926
-76.csv,217.3,8,20.45192288879092,20.466226816177368,217.23346132920543,217.14429320048373,-0.06653867079458564,-0.15570679951628108,20.434595930105516,217.34164575993577,0.04164575993576136,-0.017326958685405458,2.118200000040815,20.675223920589463,215.855852384974,-1.4441476150259973,0.22330103179854177,4.87410000005184,20.665885399960697,215.91285359582446,-1.387146404175553,0.21396251116977538,6.384299999808718,19.692307692307693,222.15957268485735,4.859572684857341,-0.7596151964832281,1.8416000002616784,2.5,1327.2725039344682,1109.9725039344683,-17.95192288879092,4.375200000140467,37.87242871234476,159.19644200821836,-58.103557991781656,17.420505823553835,5.457599999772356,20.36613832229947,217.7709192783989,0.47091927839889536,-0.08578456649145139,127.74050000007264,20.25,218.50598360083148,1.2059836008314733,-0.20192288879092146,0.7520999997723266
-73.csv,217.6,9,20.441238957660897,20.421924591064453,217.30014644467633,217.4208809184936,-0.299853555323665,-0.17911908150639988,20.421269233160714,217.4249816769071,-0.17501832309289966,-0.019969724500182195,2.128999999968073,20.690879621408012,215.76041007328197,-1.8395899267180198,0.24964066374711535,8.470699999634235,20.679990838282038,215.82677601421022,-1.7732239857897696,0.23875188062114105,6.720800000039162,19.874643874643873,220.94191513308783,3.341915133087838,-0.5665950830170239,4.297399999813933,2.5,1327.2725039344682,1109.6725039344683,-17.941238957660897,6.516400000236899,37.875172778159566,159.19156014113145,-58.40843985886855,17.43393382049867,6.4770999997563194,20.352856270905573,217.85454900705423,0.2545490070542371,-0.0883826867553239,148.1816999998955,20.0,220.11797515495806,2.517975154958066,-0.4412389576608966,1.9069999998464482
-71.csv,217.8,8,20.37765440465204,20.396056413650513,217.69849927391775,217.58295033893017,-0.10150072608226424,-0.21704966106983647,20.35430553029047,217.84541838807428,0.04541838807426757,-0.023348874361570182,2.3925999998937186,20.73694805372123,215.48041772799593,-2.3195822720040837,0.3592936490691869,5.605100000138918,20.724107141229815,215.55833343215446,-2.241666567845556,0.3464527365777741,8.69490000013684,19.692307692307693,222.15957268485735,4.359572684857341,-0.685346712344348,2.537299999858078,2.5,1327.2725039344682,1109.4725039344683,-17.87765440465204,4.33259999999791,37.8453662419057,159.24462627116137,-58.555373728838646,17.46771183725366,6.8333000003804045,20.286116902048295,218.27646816241509,0.47646816241507395,-0.09153750260374593,127.57170000031692,20.125,219.30684939814603,1.5068493981460165,-0.25265440465204136,0.7147000001168635
-59.csv,219.0,9,20.19018168622477,20.202640109592014,218.88796735485596,218.8082201025028,-0.11203264514404054,-0.19177989749721291,20.169230392554898,219.0223057042943,0.022305704294296902,-0.020951293669870807,2.1738999998888175,20.94534136672179,214.229608098229,-4.770391901771006,0.7551596804970231,8.947400000124617,20.922724089627607,214.36412656302193,-4.635873436978073,0.7325424034028387,7.9127999997581355,19.692307692307693,222.15957268485735,3.159572684857352,-0.4978739939170751,2.250000000003638,20.0,220.11797515495806,1.11797515495806,-0.1901816862247685,4.554600000119535,37.834214238311496,159.2645025379657,-59.73549746203429,17.644032552086728,4.91280000005645,20.101661781524566,219.45750637792713,0.4575063779271318,-0.08851990470020255,169.20260000006238,20.0,220.11797515495806,1.11797515495806,-0.1901816862247685,1.3838999998370127
-52.csv,219.7,9,20.07950417178557,20.079672707451714,219.60087420504243,219.59978249395053,-0.09912579495755836,-0.10021750604946078,20.069482449324973,219.66582495863366,-0.034175041366324876,-0.010021722460596294,3.7999999999556167,19.246090482312848,225.2392900877896,5.539290087789624,-0.8334136894727209,9.142100000190112,19.272046069294774,225.05614143550824,5.356141435508249,-0.807458102490795,10.58259999990696,19.692307692307693,222.15957268485735,2.4595726848573634,-0.3871964794778755,3.5812999999507156,20.0,220.11797515495806,0.41797515495807147,-0.0795041717855689,8.061399999860441,37.8404873449178,159.25332049119584,-60.44667950880415,17.760983173132228,8.61559999975725,20.002248002258554,220.1032961061108,0.40329610611081534,-0.07725616952701486,226.85349999983373,21.0,213.90574511640867,-5.7942548835913215,0.9204958282144311,1.3761000000158674
-44.csv,220.5,8,19.969981903198565,19.983825206756592,220.31431250453932,220.22369342761957,-0.18568749546068375,-0.27630657238043455,19.95878527615299,220.3877005280998,-0.11229947190020084,-0.011196627045574559,5.6436999998368265,19.77752087628445,221.58764643640086,1.0876464364008598,-0.19246102691411693,8.068599999660364,19.781783562987965,221.55916917970248,1.0591691797024794,-0.1881983402106009,13.464299999668583,19.692307692307693,222.15957268485735,1.659572684857352,-0.2776742108908721,5.185800000162999,2.5,1327.2725039344682,1106.7725039344682,-17.469981903198565,9.788600000320002,37.82457492448824,159.281692297294,-61.218307702706,17.854593021289674,8.304799999677925,19.89192167388782,220.82771925661993,0.32771925661992896,-0.07806022931074708,171.1952000000565,20.8125,215.02397941731692,-5.476020582683077,0.8425180968014345,0.739999999950669
-34.csv,221.5,9,19.787366890930688,19.803519354926216,221.52188828913216,221.4141567177592,0.021888289132164118,-0.08584328224080195,19.77658720671735,221.59388557894795,0.09388557894794758,-0.010779684213339635,3.6703999999190273,19.887163623122632,220.85914682140978,-0.6408531785902198,0.09979673219194396,9.310899999945832,19.88240324140725,220.8906052122217,-0.6093947877783137,0.09503635047656189,10.981599999922764,19.692307692307693,222.15957268485735,0.659572684857352,-0.0950591986229945,3.9998000002015033,19.5,223.46912470451684,1.9691247045168438,-0.2873668909306879,8.61990000021251,35.98871064862908,162.72576542266592,-58.774234577334084,16.201343757698393,10.303399999884277,19.739879259732756,221.8396618826737,0.33966188267370967,-0.047487631197931535,232.10669999980382,19.0,227.00127706518757,5.5012770651875655,-0.7873668909306879,1.4421999999285617
-24.csv,222.5,9,19.62999822082161,19.646387312147354,222.58099843120203,222.4698863066487,0.08099843120203332,-0.030113693351296433,19.623971015050493,222.62190857227404,0.1219085722740374,-0.006027205771115263,3.231500000310916,20.233795647678786,218.60923173193365,-3.8907682680663527,0.6037974268571773,9.524300000066432,20.21378391213278,218.73697317144897,-3.763026828551034,0.5837856913111708,9.20719999976427,19.692307692307693,222.15957268485735,-0.340427315142648,0.06230947148608479,2.192500000091968,19.5,223.46912470451684,0.9691247045168438,-0.1299982208216086,8.812099999886414,36.01099902718007,162.68181796831183,-59.81818203168817,16.38100080635846,8.15619999957562,19.558229068601413,223.0698164262074,0.5698164262074101,-0.07176915222019531,228.75639999983832,19.0,227.00127706518757,4.5012770651875655,-0.6299982208216086,1.5201999999590043
-21.csv,222.8,9,19.583470283833925,19.607559627956814,222.89748026601654,222.73343288907873,0.09748026601653237,-0.06656711092128376,19.57662424323266,222.9441770482009,0.14417704820090194,-0.006846040601264036,3.5108000001855544,20.284673432443054,218.28562504873102,-4.514374951268991,0.7012031486091281,7.9285000001618755,20.255193439246575,218.4729287456022,-4.327071254397822,0.6717231554126499,9.087200000067241,19.692307692307693,222.15957268485735,-0.6404273151426594,0.108837408473768,3.36490000017875,19.38888888888889,224.23789954551813,1.4378995455181212,-0.19458139494503612,7.252400000197667,35.91235314165139,162.87674374813426,-59.92325625186575,16.32888285781746,9.254400000372698,19.51104091243456,223.39322339461157,0.5932233946115559,-0.072429371399366,180.21699999962948,19.0,227.00127706518757,4.201277065187554,-0.5834702838339254,1.1683999996421335
-15.csv,223.4,8,19.484686511280547,19.49850296974182,223.57454408508355,223.47942290122572,0.17454408508353936,0.07942290122571194,19.478243049129347,223.61895224925365,0.21895224925364687,-0.006443462151199952,3.0351999998856627,18.921938813692968,227.570015464919,4.170015464919004,-0.5627476975875787,5.397999999786407,18.940888121639027,227.4315123392275,4.031512339227504,-0.5437983896415197,5.315899999914109,19.692307692307693,222.15957268485735,-1.2404273151426537,0.20762118102714666,2.6714000000538363,19.0,227.00127706518757,3.60127706518756,-0.48468651128054674,4.351099999894359,36.03474028151714,162.63506639700475,-60.76493360299526,16.55005377023659,4.433500000232016,19.412989303571123,224.07038284787376,0.6703828478737535,-0.07169720770942334,141.23529999960738,19.0,227.00127706518757,3.60127706518756,-0.48468651128054674,0.9405000000697328
-4.csv,224.5,8,19.338650956868708,19.374318599700928,224.58846927986073,224.33938177034847,0.08846927986073183,-0.16061822965153283,19.336135971742767,224.60606843251122,0.106068432511222,-0.0025149851259413936,2.1606999998766696,18.754922674664495,228.80318576276193,4.303185762761927,-0.5837282822042127,4.8932999998214655,18.77698662415037,228.6389847123508,4.138984712350805,-0.5616643327183368,7.477300000118703,19.692307692307693,222.15957268485735,-2.340427315142648,0.35365673543898524,1.958700000159297,19.0,227.00127706518757,2.5012770651875655,-0.33865095686870816,4.224499999963882,36.02144115196768,162.66124751166058,-61.83875248833942,16.68279019509897,4.676300000028277,19.271358296795555,225.06098799039665,0.5609879903966544,-0.0672926600731536,134.37280000016472,19.0,227.00127706518757,2.5012770651875655,-0.33865095686870816,1.476500000080705
-3.csv,224.6,9,19.32663375263806,19.36479420132107,224.6726046781997,224.4058039739828,0.07260467819969563,-0.1941960260171811,19.324000808900117,224.69105289958503,0.09105289958503704,-0.0026329437379430942,3.98059999997713,18.762825450436466,228.74432732947776,4.144327329477761,-0.5638083022015934,7.917700000234618,18.78357675678589,228.59001740708018,3.990017407080188,-0.5430569958521687,6.8452000000434055,19.692307692307693,222.15957268485735,-2.4404273151426423,0.3656739396696338,2.228800000011688,19.0,227.00127706518757,2.4012770651875712,-0.3266337526380596,4.588300000250456,36.017436986970466,162.66913408456702,-61.930865915432975,16.690803234332407,4.910699999982171,19.259263787764773,225.1462728948445,0.5462728948444919,-0.06736996487328639,157.44409999979325,19.0,227.00127706518757,2.4012770651875712,-0.3266337526380596,0.8020999998734624
4.csv,225.3,9,19.250496245707552,19.311282687717014,225.20816629562358,224.7802375010063,-0.0918337043764268,-0.519762498993714,19.24689309069784,225.23361910370477,-0.06638089629524302,-0.0036031550097135323,2.3505000003751775,18.86004592391399,228.02438956097828,2.724389560978267,-0.390450321793562,5.598100000042905,18.872259372848916,227.93448474050112,2.634484740501108,-0.3782368728586363,6.314599999768689,19.692307692307693,222.15957268485735,-3.1404273151426594,0.44181144660014127,3.5729000001083477,19.0,227.00127706518757,1.7012770651875542,-0.25049624570755213,6.5806000002339715,36.56057628302443,161.61535853075668,-63.68464146924333,17.31008003731688,5.68569999995816,19.196799760564918,225.58849556681972,0.2884955668197051,-0.05369648514263403,148.54909999985466,19.22222222222222,225.40815793496205,0.10815793496203696,-0.0282740234853307,1.1972000002060668
5.csv,225.4,9,19.22651574635631,19.260453330145943,225.3777495401696,225.1378799180606,-0.022250459830416958,-0.2621200819394005,19.22038890357828,225.42114645133805,0.021146451338040606,-0.00612684277803055,2.297900000030495,18.85986872845293,228.02569479990603,2.6256947999060287,-0.3666470179033787,6.05409999980111,18.867436785240194,227.96997017513925,2.5699701751392467,-0.3590789611161149,7.820300000275893,19.692307692307693,222.15957268485735,-3.2404273151426537,0.4657919459513842,3.41389999994135,19.0,227.00127706518757,1.6012770651875599,-0.22651574635630922,7.206100000075821,35.96714626036672,162.7683378897789,-62.6316621102211,16.74063051401041,7.305199999791512,19.155998991003475,225.8789478678136,0.4789478678135879,-0.07051675535283408,173.09990000012476,19.0,227.00127706518757,1.6012770651875599,-0.22651574635630922,2.0472999999583408
6.csv,225.5,8,19.221453821790877,19.252134323120117,225.4136015136586,225.19659809347897,-0.0863984863414089,-0.3034019065210316,19.21502794853317,225.4591418096584,-0.04085819034159499,-0.006425873257708048,4.373299999770097,18.856980482700347,228.04697344781331,2.546973447813315,-0.36447333909053015,6.893699999636738,18.864560468768282,227.99114347551964,2.4911434755196353,-0.3568933530225955,7.809400000041933,19.692307692307693,222.15957268485735,-3.340427315142648,0.47085387051681593,2.394799999819952,19.0,227.00127706518757,1.5012770651875655,-0.22145382179087747,3.9572999999109015,35.964885369467765,162.77280434335626,-62.727195656643744,16.743431547676888,4.337200000009034,19.150655995606762,225.91707758708068,0.41707758708068354,-0.07079782618411556,133.91649999994115,19.0,227.00127706518757,1.5012770651875655,-0.22145382179087747,0.7336000003306253
15.csv,226.4,9,19.079919506896186,19.095516840616863,226.42394645829341,226.31185117090146,0.023946458293409023,-0.08814882909854305,19.073670289210465,226.46891126918896,0.06891126918895907,-0.0062492176857205095,2.2219000002223765,18.849965713579618,228.09868140709847,1.6986814070984622,-0.22995379331656807,6.266999999752443,18.85526932445676,228.0595832648286,1.6595832648285977,-0.2246501824394258,5.571600000166654,19.692307692307693,222.15957268485735,-4.240427315142654,0.6123881854115076,2.073200000268116,19.0,227.00127706518757,0.6012770651875599,-0.07991950689618577,8.10219999993933,35.94501497125303,162.8120833740197,-63.58791662598031,16.865095464356845,5.971300000055635,19.009771896281787,226.93041853716784,0.5304185371678329,-0.07014761061439856,149.44599999989805,19.0,227.00127706518757,0.6012770651875599,-0.07991950689618577,0.7897999998931482
17.csv,226.6,9,19.05170027186337,19.06649335225423,226.6272317562232,226.52058858512558,0.027231756223216053,-0.07941141487441428,19.046406165514597,226.66543822069104,0.06543822069104976,-0.005294106348774363,2.2200000003067544,18.833009541524333,228.2238337169484,1.6238337169484112,-0.21869073033903774,10.287699999935285,18.838749972965005,228.18143810490884,1.581438104908841,-0.2129502988983667,8.328100000198901,19.692307692307693,222.15957268485735,-4.440427315142642,0.6406074204443222,2.118599999903381,19.0,227.00127706518757,0.4012770651875712,-0.05170027186337123,4.038199999740755,35.942187322740764,162.81767653792355,-63.78232346207645,16.890487050877393,5.027100000006612,18.98259910968373,227.12764074821655,0.5276407482165553,-0.06910116217964202,160.19299999970826,19.0,227.00127706518757,0.4012770651875712,-0.05170027186337123,0.856499999827065
19.csv,226.8,9,19.02591092001717,19.045908398098415,226.81355388640014,226.66903162560976,0.013553886400131887,-0.13096837439024966,19.02130537550295,226.84688244821461,0.0468824482146033,-0.004605544514220128,2.254800000173418,18.84180659098393,228.15887445453836,1.358874454538352,-0.18410432903324292,6.503799999791227,18.846902456802002,228.12127398183196,1.3212739818319506,-0.17900846321516894,6.218300000000454,19.692307692307693,222.15957268485735,-4.640427315142659,0.666396772290522,2.284599999711645,19.0,227.00127706518757,0.20127706518755417,-0.025910920017171435,6.791799999973591,35.94003252288631,162.8219393882803,-63.97806061171971,16.91412160286914,6.809299999986251,18.97179034374129,227.206252801918,0.4062528019179865,-0.054120576275881405,149.55620000000636,19.0,227.00127706518757,0.20127706518755417,-0.025910920017171435,0.7900000000518048
20.csv,226.9,8,19.01333565694272,19.028603315353394,226.90459539402056,226.79407772072886,0.004595394020554977,-0.10592227927114095,19.00892976904977,226.93652207403582,0.03652207403581542,-0.004405887892946936,1.9445000002633606,18.847805517717035,228.11461281271707,1.2146128127170641,-0.16553013922568383,7.699300000240328,18.852594899302293,228.0792962659058,1.1792962659058048,-0.1607407576404256,5.4258000000118045,18.285714285714285,232.3914326412371,5.491432641237083,-0.7276213712284338,1.8489999997655104,19.0,227.00127706518757,0.10127706518755986,-0.013335656942718543,4.319099999975151,35.9384221224199,162.82512558919962,-64.07487441080039,16.925086465477182,4.267700000127661,18.97719565307122,227.1669285499973,0.26692854999728866,-0.036140003871498294,169.7225000002618,19.0,227.00127706518757,0.10127706518755986,-0.013335656942718543,1.1285999999017804
23.csv,227.2,9,18.984186165085664,18.999948501586914,227.11610584380017,227.0016506915337,-0.08389415619981833,-0.19834930846627685,18.980005189662663,227.146497924566,-0.053502075433982554,-0.004180975423000888,2.7220000001761946,18.857456642628254,228.04346496183766,0.8434649618376682,-0.12672952245740987,10.893399999986286,18.861452782963894,228.01402739429054,0.814027394290548,-0.1227333821217691,10.265399999752844,18.285714285714285,232.3914326412371,5.1914326412371,-0.6984718793713789,3.491000000394706,19.0,227.00127706518757,-0.1987229348124231,0.01581383491433641,7.763199999772041,35.93425500690624,162.83337163204718,-64.36662836795281,16.950068841820578,8.473699999740347,18.930601949672486,227.50666008827181,0.3066600882718262,-0.053584215413177816,165.01200000038807,19.0,227.00127706518757,-0.1987229348124231,0.01581383491433641,0.8098999996946077
24.csv,227.3,9,18.95411020323632,18.97683334350586,227.33503865390773,227.16956367522232,0.03503865390771921,-0.13043632477769052,18.958199836421038,227.30522699123472,0.005226991234707157,0.004089633184719332,2.231099999789876,18.83962716401864,228.17496199884044,0.8749619988404334,-0.11448303921767788,5.827899999985675,18.844015055324103,228.14257646583104,0.84257646583103,-0.1100951479122152,10.524099999656755,18.285714285714285,232.3914326412371,5.091432641237077,-0.6683959175220338,2.9800000002069282,19.0,227.00127706518757,-0.29872293481244583,0.045889796763681545,5.406799999946088,35.93119671006975,162.83942473698698,-64.46057526301303,16.97708650683343,5.27749999992011,18.8946882791801,227.7696932720129,0.4696932720128757,-0.059421924056216824,156.49340000027223,19.0,227.00127706518757,-0.29872293481244583,0.045889796763681545,0.8107999997264415
27.csv,227.6,9,18.914026059565707,18.935555352105034,227.62793518829778,227.47046152619285,0.027935188297789182,-0.12953847380714478,18.918895120306228,227.5922887859372,-0.007711214062794625,0.0048690607405212916,3.2940000000962755,18.854251875462122,228.06708213381538,0.46708213381538144,-0.059774184103584815,7.219900000109192,18.85761798723278,228.04227616873197,0.44227616873197917,-0.05640807233292833,9.661500000220258,18.285714285714285,232.3914326412371,4.791432641237094,-0.6283117738514221,2.4459000001115783,18.555555555555557,230.30506761355642,2.705067613556423,-0.3584705040101497,6.23859999996057,35.92600472076995,162.8497033246828,-64.7502966753172,17.011978661204246,5.594400000063615,18.855515237156123,228.05777094764974,0.4577709476497489,-0.05851082240958405,157.68750000006548,19.0,227.00127706518757,-0.5987229348124288,0.08597394043429318,0.8896999997887178
37.csv,228.6,8,18.775168346001497,18.789533615112305,228.6525014531421,228.5457859223761,0.05250145314209931,-0.05421407762389663,18.77925434763216,228.62213064405347,0.02213064405347609,0.004086001630664526,3.942800000004354,18.6128116220522,229.8703620533118,1.2703620533117999,-0.1623567239492978,8.217399999921327,18.61858819548923,229.8266569967193,1.2266569967192993,-0.1565801505122657,5.920900000091933,18.285714285714285,232.3914326412371,3.791432641237094,-0.48945406028721195,1.874000000043452,18.5,230.7295037884764,2.1295037884763985,-0.27516834600149664,3.685700000005454,35.91360905729927,162.87425521747687,-65.72574478252312,17.138440711297772,5.571799999870564,18.716342272765722,229.09125819921715,0.49125819921715674,-0.0588260732357746,129.48710000000574,19.0,227.00127706518757,-1.5987229348124288,0.22483165399850336,1.5810999998393527
40.csv,228.9,8,18.74278788671531,18.73487687110901,228.8936626425172,228.95271190150305,-0.006337357482806283,0.052711901503045056,18.73934100656567,228.91938449062624,0.01938449062623704,-0.003446880149638787,2.461200000198005,18.649052949548178,229.59662319671608,0.6966231967160752,-0.093734937167131,6.234000000404194,18.65255595661842,229.57022208562714,0.670222085627131,-0.09023193009688768,8.226599999943573,18.285714285714285,232.3914326412371,3.4914326412370826,-0.45707360100102434,2.20660000013595,18.5,230.7295037884764,1.8295037884763872,-0.24278788671530904,5.067400000370981,35.7149691485197,163.27005497074327,-65.62994502925673,16.97218126180439,4.2346999998699175,18.692260325232244,229.2716923437345,0.37169234373448035,-0.05052756148306514,171.27510000000257,20.0,220.11797515495806,-8.782024845041946,1.257212113284691,0.7967999999891617
45.csv,229.4,8,18.6748527836724,18.671796083450317,229.40241596055859,229.42539637649048,0.0024159605585793997,0.02539637649047677,18.682063071876485,229.34823926041662,-0.05176073958338634,0.007210288204085202,2.07959999988816,18.63014336702372,229.7393150744984,0.33931507449838705,-0.04470941664867922,4.930499999773019,18.633038619923433,229.71744819076872,0.3174481907687152,-0.04181416374896685,7.9778999997870415,18.285714285714285,232.3914326412371,2.9914326412370826,-0.3891384979581147,2.6370000000497384,18.5,230.7295037884764,1.3295037884763872,-0.17485278367239943,4.821199999696546,35.89477999337994,162.91158253109052,-66.48841746890949,17.219927209707542,5.809700000099838,18.619476595923803,229.81993790609286,0.419937906092855,-0.055376187748596095,128.12179999991713,19.0,227.00127706518757,-2.39872293481244,0.3251472163276006,0.7077999998728046
47.csv,229.6,8,18.65080825143568,18.656916618347168,229.58339274132635,229.53737131165866,-0.016607258673644765,-0.06262868834133428,18.65864584939043,229.52434862257851,-0.07565137742147954,0.007837597954750919,1.9508999998834042,18.612015105014,229.8763906178718,0.27639061787181163,-0.03879314642168197,5.6460999999217165,18.614811364930905,229.85522901910747,0.25522901910747464,-0.03599688650477617,5.115200000091136,18.285714285714285,232.3914326412371,2.791432641237094,-0.3650939657213961,1.8964999999298016,18.5,230.7295037884764,1.1295037884763985,-0.15080825143568077,3.964999999880092,35.889357103373825,162.92234039872525,-66.67765960127474,17.238548851938145,7.802900000115187,18.596137823094317,229.9966709616055,0.3966709616055084,-0.05467042834136393,140.22699999986799,19.0,227.00127706518757,-2.5987229348124288,0.3491917485643192,0.7196999999905529
